이름,우편번호,주소,주소상세,전화번호,이메일
심지우,22870,충청북도 부천시 봉은사길 지하409,정남서양타운 마동 501호,042-968-1540,gimyujin@example.org
송예진,40261,경상북도 아산시 학동거리 지하902 (영일이리),지은박빌라 208호,016-620-0774,ugim@example.com
김상호,76475,강원도 광명시 영동대길 821-84 (지현노김마을),예원오타워 169동 001호,064-778-5417,bagsangceol@example.com
이은정,83819,대구광역시 동작구 가락가 509-54,현정민양타워,061-864-4087,yeongsu36@example.net
김숙자,25985,경기도 고양시 일산서구 테헤란49로 136-51 (수민조박마을),명자이김연립 415호,052-947-0497,junhyeog58@example.org
서상현,30039,광주광역시 종로구 학동거리 720-76 (정숙문동),하은황연립,031-884-1393,nmun@example.org
우예원,89400,제주특별자치도 화천군 오금729로 572 (은주김면),서준박마을 843호,062-690-1024,hyeonjunryu@example.com
김은지,13906,제주특별자치도 화성시 강남대150로 629 (영수류리),재현김배타운 F동 182호,061-418-7563,hyeonubag@example.net
강예지,81835,경기도 김포시 석촌호수길 152-79 (채원조박마을),민서김최아파트 061호,064-774-9600,yejinbaeg@example.org
이지훈,68026,부산광역시 북구 잠실길 869,지훈김김아파트 L동 045호,044-140-1224,hyejinyun@example.org
강민수,20774,경상북도 수원시 팔달구 백제고분3길 288 (중수김동),민재장황아파트 264호,016-169-5226,hyeonu52@example.org
송현정,17718,울산광역시 강서구 학동3가 501-41 (경자김김동),정웅박윤타워 D동 252호,052-640-1912,seungmingang@example.net
노정수,65343,제주특별자치도 공주시 가락198가 71,성현이타워,010-6587-5268,ui@example.org
노윤서,36337,부산광역시 북구 양재천거리 지하164,예원박권연립 다동 757호,044-352-0790,seosiu@example.org
강지현,65906,충청북도 음성군 테헤란거리 677 (영일박리),순자권타워,011-906-8810,ijunhyeog@example.net
최상호,84216,경기도 인제군 석촌호수가 655 (상현강리),예준박이연립 V동 228호,063-075-0279,jaeho08@example.com
박지민,15992,광주광역시 동작구 오금07로 315 (지훈권면),지은김손타운 S동 664호,010-3776-9127,ogjai@example.net
한정수,39624,충청남도 천안시 동남구 영동대길 16-3,아름이백연립 082호,061-680-8407,jihunson@example.org
남지현,79020,서울특별시 강남구 오금로 482-71 (현우김박리),예진김빌라,011-414-0963,tgim@example.org
윤예은,14586,경상남도 안양시 만안구 양재천356길 915 (주원류백마을),종수최김타운 256호,019-882-7595,coeyejun@example.org
김도현,35015,경상남도 수원시 영통구 잠실길 685-68 (서연이서동),준서최마을 724호,017-052-7559,bagsujin@example.net
김우진,70554,제주특별자치도 청주시 서원구 석촌호수로 26-35 (정자김마을),옥자이아파트 630호,011-251-1662,ai@example.org
허준영,25741,강원도 제천시 언주93가 543 (현정김읍),건우성타운 G동 439호,061-801-0117,hyeonjubag@example.org
서중수,35430,경상남도 연천군 학동8가 584 (민재김동),예은박문타운 H동 759호,033-568-5056,jihyeongim@example.net
배보람,08230,대구광역시 성북구 테헤란로 381 (수빈김마을),성민곽마을 799호,043-947-5967,iyeweon@example.org
이순옥,09664,경기도 논산시 영동대길 761 (민서김읍),현숙이마을 529호,032-474-2060,anjeongsig@example.net
최진우,41971,인천광역시 동구 삼성거리 459 (재현이동),현주박마을 881호,02-3356-0406,minjunbae@example.org
장영자,71859,경상북도 화성시 강남대거리 698,현주우연립 X동 096호,043-104-2562,gweonsujin@example.org
윤정훈,73532,충청북도 고양시 일산서구 언주로 213-8 (상훈김마을),윤서김김빌라,032-093-7965,jeongsug80@example.com
이지현,30840,충청남도 용인시 수지구 언주48거리 713-67,병철노나연립 마동 732호,011-331-3334,tgim@example.net
이도윤,67464,대전광역시 중구 반포대4거리 375-46 (서연김동),광수박타워 P동 911호,044-354-3803,oareum@example.com
김건우,32720,전라북도 이천시 선릉가 583-98 (경희권문마을),도현최아파트,033-180-3306,rgim@example.net
김지후,50059,강원도 음성군 영동대33가 420,현주서연립,044-598-4181,minji11@example.org
장옥순,97047,경상북도 옥천군 양재천길 451 (현정김읍),유진이타워 U동 898호,032-614-6138,yeongmii@example.org
박옥순,07202,강원도 안산시 반포대681로 976-17,영식이안아파트,064-754-6814,seoyunbag@example.net
김현우,38205,대전광역시 구로구 압구정거리 864 (민지장김읍),재호구조연립 469호,051-605-8365,seonghunbae@example.net
김춘자,83139,충청북도 화천군 잠실길 919-76 (정남김이리),은영류타워 913호,019-794-7008,junseoi@example.org
김옥순,56100,세종특별자치시 광진구 오금04로 129,병철김마을 784호,062-872-4684,vgim@example.net
남정훈,13599,제주특별자치도 평택시 석촌호수길 784-23 (영진이이면),수진박연립 M동 363호,062-903-5951,gimhyeonjeong@example.org
박영숙,34188,대구광역시 남구 서초대거리 689,영희이손타워,031-263-9215,imseongsu@example.com
김정호,56007,경기도 수원시 영통구 역삼길 772-89 (예원장리),성호김타워 693호,070-3588-8613,junhogim@example.com
김정수,63245,전라북도 가평군 압구정83거리 632-16 (상철이윤읍),영길고타워 L동 906호,052-005-0580,eunju37@example.net
장영길,88331,경기도 강릉시 반포대35거리 421-59 (준영남김리),영식최이마을 382호,032-946-5786,sangceolgim@example.com
이하윤,31835,전라남도 태백시 오금9거리 335 (서현성박마을),지연김타운,018-208-4323,hyeonsug01@example.net
구병철,84372,경상북도 부천시 오정구 서초대1길 486-7 (하은장백리),수진권임타운 Q동 926호,031-067-6811,seongmini@example.net
한은주,39612,부산광역시 서구 서초중앙거리 25-39,민준이박아파트 115호,033-834-5053,zcoe@example.org
이시우,68021,강원도 청주시 서원구 서초중앙가 232 (준혁김읍),아름홍타운 가동 428호,010-7651-0353,jeongnam40@example.com
손주원,20999,대구광역시 서구 언주62거리 184,정순홍연립 K동 693호,043-627-8103,ejang@example.org
신성민,45721,울산광역시 종로구 테헤란로 지하693,윤서김타워,062-034-6894,acoe@example.net
이준혁,50232,서울특별시 영등포구 봉은사가 463-71 (정순양곽마을),성현남타워,032-020-2890,yeongjaan@example.com
김영길,87268,경상남도 원주시 선릉8거리 834-26,은경안아파트 563호,064-720-1869,gimjeongung@example.com
김정식,21103,경상북도 충주시 도산대800로 367 (영희이리),현지이박아파트,063-042-7345,seoyeonggim@example.net
이정순,04102,강원도 홍천군 오금로 180 (미숙박김읍),보람김이타운,051-840-7295,gimjeonghyi@example.org
김주원,77667,전라북도 구리시 영동대2길 639 (재현이면),하윤이빌라,017-925-2722,jeonghunbag@example.net
이수민,10861,제주특별자치도 영월군 압구정거리 지하178,서현조김연립,02-0297-8297,yeonghwan32@example.com
서은서,86377,울산광역시 동작구 오금02거리 지하593 (은서박리),지민홍타워 M동 230호,041-462-0709,kgang@example.com
서순자,57664,세종특별자치시 관악구 잠실41로 78 (하은송마을),성훈심타워,031-380-2769,seonyeongha@example.com
안순자,84674,경기도 동해시 잠실거리 361,시우이빌라 U동 541호,054-780-3672,kcoe@example.com
이정수,81358,광주광역시 강서구 양재천301로 374 (은서김면),현준류타운,061-323-8351,eunjuno@example.com
홍지혜,54086,전라남도 안산시 단원구 압구정80거리 130,선영황타워 895호,053-039-2880,coeseoyeong@example.org
안상철,94376,경상북도 청주시 서원구 오금560로 982,지연강연립 Y동 532호,033-067-2488,yujin74@example.net
김영순,74880,인천광역시 광진구 학동로 824-9 (서준이류면),은정박송타워,033-796-8875,jiweoni@example.net
이지우,08949,인천광역시 중랑구 오금84로 862 (지혜강김마을),선영오연립 773호,019-209-2595,gimyujin@example.net
오지아,65100,광주광역시 동구 봉은사03거리 361 (정남이읍),예원권이타워 K동 862호,018-106-7394,donghyeonji@example.net
이영진,11500,전라남도 의정부시 도산대길 905-55,영호곽김타운 523호,042-645-3379,gimhyeonji@example.org
류경희,76335,세종특별자치시 구로구 압구정가 375 (영자김읍),성호박김연립 420호,011-405-6149,si@example.com
김영미,02813,경기도 과천시 언주792길 지하853 (보람오노읍),순옥박박타워 Q동 999호,064-799-1363,hyeonsugbag@example.org
김예준,93538,서울특별시 서구 영동대거리 777-28 (지영최읍),은영이구마을 H동 284호,02-4148-6797,jiyeoncoe@example.com
김숙자,13382,울산광역시 노원구 영동대74로 723-99 (지연김김마을),현주장타워,064-718-0761,yeweongim@example.net
최예원,58076,서울특별시 동구 가락369로 936,춘자김권타워 397호,070-5310-2329,tu@example.net
윤현주,21565,경상북도 양평군 서초중앙7길 980-50 (순옥김리),지연최황연립,041-696-6170,myeongsug82@example.net
이준서,23665,제주특별자치도 정선군 오금거리 725,성현권이연립 A동 723호,042-364-0592,jeongsu07@example.org
류종수,01025,전라북도 양구군 오금75가 지하884 (춘자백김읍),진호류타워,031-348-0193,yeongsig33@example.net
임수민,88986,세종특별자치시 중구 선릉631로 230-21 (영자한동),민수강연립 449호,070-2589-9373,gyeongsu82@example.net
김영미,27897,부산광역시 동구 잠실로 612-76,하은박타운 639호,017-038-3955,ggim@example.net
김시우,41911,경상북도 양양군 도산대길 830-24 (준호이마을),지아송이연립 529호,032-175-8412,naeungyeong@example.net
박정웅,57344,광주광역시 동대문구 강남대65거리 543 (중수이마을),건우최최빌라 066호,019-269-0388,ggo@example.com
최은주,63668,경기도 안산시 단원구 서초대로 544 (준서이류면),유진이강아파트,051-386-2364,bi@example.net
박정식,71994,충청북도 제천시 개포로 379-58,정남장연립,070-5847-3872,gweonyeongsug@example.com
김순자,93206,경상북도 안양시 만안구 양재천5로 294-11,명자문이아파트 E동 143호,051-403-4739,yejin10@example.net
안시우,00204,부산광역시 중구 학동7가 858-50 (경수김김읍),미영차서연립,051-193-7862,eunjui@example.com
한지영,16841,세종특별자치시 서대문구 오금로 303-86 (서준김김마을),정수김빌라,016-740-6472,seonghunyang@example.net
박정웅,38629,충청남도 청주시 서원구 도산대3가 896,상호강박빌라 마동 048호,018-866-5242,sujinryu@example.net
서민서,11216,충청남도 금산군 선릉거리 58-78,순자김마을,033-295-6197,jinhoan@example.net
김현지,61529,강원도 남양주시 역삼가 381 (정호이김리),진우진타운,063-168-2647,jeongsun50@example.org
최영환,11474,강원도 수원시 장안구 반포대거리 954 (명숙박성면),영철박한연립 U동 576호,055-937-7354,gimgyeongsu@example.org
한종수,08738,충청북도 화성시 개포738가 416 (경수김동),민재최김연립 S동 107호,062-432-7611,xi@example.org
양승민,68604,세종특별자치시 마포구 오금가 836-87 (재호한마을),성훈최윤빌라,042-558-3207,cjang@example.com
이재현,05346,경상북도 보령시 역삼5로 998 (종수안마을),옥자박이타워,016-963-0672,can@example.com
김정식,43549,인천광역시 성동구 삼성76로 202,명숙노마을 J동 436호,064-702-8260,jiau@example.com
김서준,62851,서울특별시 종로구 강남대6가 716-94,영길김박아파트,041-473-2682,jojihu@example.net
서서윤,89858,세종특별자치시 강남구 언주728거리 394,정호류오아파트 212호,019-616-4390,seunghyeon09@example.org
김옥자,12156,울산광역시 성동구 학동길 673-5,예원오빌라 310호,010-5314-3564,subin10@example.org
최아름,91586,광주광역시 관악구 양재천2길 501,영호최강빌라,032-374-9222,ijiyeon@example.com
문성훈,52892,전라북도 수원시 팔달구 테헤란길 760-7,영길박아파트 V동 097호,016-471-7737,gimyeongja@example.com
장지혜,72919,제주특별자치도 수원시 영통구 가락가 16 (영진손최동),준서김아파트,016-912-8606,bagjiu@example.com
오민준,65060,서울특별시 성북구 백제고분가 480-22 (지민윤김읍),영자황한연립 994동 860호,033-511-3337,jihuni@example.org
성준서,61101,광주광역시 노원구 봉은사750로 지하965,상철민이아파트,02-3358-1646,simseoyeong@example.net
김성훈,99649,경상남도 정선군 선릉거리 304-28 (영일김마을),성수박류빌라 301호,051-128-0656,nseo@example.org
양정훈,99494,충청북도 여주시 개포가 677-43 (성진박배동),우진장아파트 676호,043-808-0358,pgim@example.org
최성훈,76296,전라북도 여주시 개포거리 984-73,정웅최연립 995호,052-656-7217,gimyeongmi@example.org
신아름,23549,경상북도 태안군 역삼길 626-58,혜진문배연립,019-525-8314,eungyeong18@example.org
박하윤,08708,충청북도 광주시 잠실거리 93,서윤지타운 L동 652호,062-405-8017,hyeonjimin@example.com
김정훈,90479,경상북도 부여군 양재천496거리 지하342,순옥하김타워 018호,043-159-3456,ijunho@example.net
김준서,49448,광주광역시 은평구 역삼896가 362,윤서권타워,054-734-5213,gimyeonghyi@example.net
서예지,48356,충청북도 동두천시 영동대거리 482-82 (은지황읍),서윤송타운 795호,064-768-9191,jongsubae@example.org
이예은,38767,경상남도 부천시 삼성로 148 (은서고박읍),은영김손연립,070-2555-4871,bagsiu@example.net
박유진,32654,서울특별시 남구 역삼길 293 (경숙김면),지후김윤타운,017-070-7338,yeji51@example.com
오영미,74595,경상북도 수원시 오금49가 737-65,경숙송아파트,070-9978-8579,naseongsu@example.org
허주원,97899,서울특별시 동대문구 압구정가 843-70,상현김타운 I동 037호,051-132-8887,yeweongweon@example.com
이예은,50870,서울특별시 서구 반포대길 541,영호이김타운 460호,064-752-3585,jeongsunyang@example.net
권영길,79248,서울특별시 송파구 역삼거리 657,선영조빌라 다동 230호,055-897-2816,gwangsu32@example.org
진서연,98210,충청남도 광명시 가락33거리 75 (도윤황마을),현숙주차마을 091호,064-776-0237,jiweon78@example.net
김영미,62521,경상남도 서산시 개포로 563,도현김김타운 X동 035호,051-682-2259,ji@example.com
남미정,20451,세종특별자치시 동대문구 선릉거리 지하241,성훈류빌라,052-344-6189,jungsugim@example.org
류승현,67239,강원도 정선군 학동길 977 (옥순김읍),채원박아파트 라동 283호,063-427-2804,gimjinho@example.com
김상훈,65474,경상남도 하남시 오금가 지하551 (정희최김마을),미경정이아파트,064-770-0727,ijihun@example.org
김정식,41605,강원도 청양군 영동대로 405 (주원임홍면),진호허타운 133호,054-029-5704,yeongsig29@example.com
박준호,01545,전라남도 논산시 영동대길 지하802 (지후이김면),예준유마을 D동 320호,043-586-0804,yeongceolgweon@example.com
김서영,29315,인천광역시 동대문구 테헤란9거리 644 (승민강이읍),지현김이타워 388호,044-062-2610,wha@example.org
김보람,17656,경상남도 원주시 봉은사길 279 (영일김마을),정훈이타워,064-721-1889,minjuni@example.com
오동현,60748,경상북도 성남시 수정구 영동대552가 126 (명자김오읍),영일김아파트 614호,055-413-2003,gyeongjajo@example.org
배민준,94766,경기도 화천군 서초대길 570 (지민김면),도윤김김아파트 969호,041-789-5920,wan@example.net
윤지현,15205,경상남도 천안시 서북구 서초대가 853 (영순박김면),수빈양마을 K동 753호,011-302-5761,gimhyeonjeong@example.net
이현숙,46628,전라북도 청양군 선릉163거리 517 (재호김이동),민준이빌라 K동 088호,052-945-0686,coehyeonu@example.org
서진호,23662,제주특별자치도 고양시 일산동구 오금로 463,은서이빌라,033-859-7591,iyujin@example.org
김영미,82174,인천광역시 노원구 봉은사길 569 (하은최읍),정호이곽아파트,055-993-0367,bagcunja@example.com
엄동현,44740,광주광역시 양천구 백제고분829거리 305,중수김김연립,054-890-5287,seonghyeon05@example.com
김서현,73091,충청북도 금산군 서초대거리 45-39 (지원김유면),상훈서조마을,053-053-2452,zbaeg@example.org
강은정,54920,서울특별시 송파구 오금001거리 41 (지영이면),영진김빌라 467호,043-021-7154,hyeonjeong78@example.net
류정훈,49966,전라북도 고성군 영동대9거리 323,주원김아파트 I동 197호,062-537-6896,ci@example.com
이현우,96483,대구광역시 도봉구 학동길 지하457,성호김타워 000호,011-856-4360,ihayun@example.com
김정훈,36976,충청남도 부천시 원미구 학동길 620,진우김박연립 Q동 438호,032-163-6589,vi@example.org
김상호,70955,부산광역시 금천구 잠실834가 3 (승민박김동),채원윤이타워 664호,033-438-5689,jgim@example.net
전은경,93750,제주특별자치도 영월군 개포거리 660-27,예은배최마을,055-443-0306,cajaeho@example.net
문지혜,31016,경상남도 양주시 압구정38거리 670 (정희이읍),예진박김빌라,02-7329-9440,ogjagim@example.org
김순옥,96311,세종특별자치시 송파구 도산대로 45,경숙박심타운,054-087-5673,jihungim@example.com
문예원,49236,세종특별자치시 성북구 역삼가 771-41,유진임이빌라 242호,031-181-4967,eunjeong32@example.org
이순옥,79004,세종특별자치시 중랑구 석촌호수32길 367 (서연이한면),정호이이마을,064-793-7384,yeongho52@example.org
박재현,97466,인천광역시 종로구 서초대357거리 702,재호장이아파트 Y동 639호,054-080-1360,iseojun@example.org
이준호,45432,경상남도 하남시 논현거리 778 (정훈이이면),재호김김마을 327호,016-024-7446,ki@example.net
배은영,32464,경상북도 파주시 도산대12가 261-25,지은박마을 895호,011-501-4198,jgweon@example.com
지지우,13999,경상북도 옥천군 석촌호수7가 832-98 (민재진김읍),예준오타운 N동 860호,016-566-6930,seunghyeon30@example.com
허수빈,82354,인천광역시 도봉구 압구정길 738-55,도윤이장아파트,053-461-9993,qcoe@example.net
김상철,59019,경상남도 동두천시 오금가 622 (정호엄읍),민수김빌라 881호,044-238-7814,jeongnam10@example.com
황정수,97106,부산광역시 북구 테헤란로 587-13,선영김안타운 Y동 595호,070-5439-9509,yeongjin18@example.org
윤민재,81450,전라남도 청양군 도산대46길 278-9 (상훈하백면),지영김최빌라,070-7119-7447,jiu64@example.org
송영길,35406,세종특별자치시 서구 개포5가 631-68,정자이김타운,043-608-8041,geonu71@example.net
서동현,87784,제주특별자치도 서산시 서초대거리 697-30 (윤서이면),승현이타워 D동 852호,032-683-2429,seongho27@example.com
김미숙,07260,인천광역시 강서구 선릉거리 371-73,중수주이마을,051-292-5635,areum81@example.net
주상훈,26886,대전광역시 동대문구 도산대03로 855,준서김김빌라 057호,02-4982-0071,seunghyeon42@example.org
고도윤,01114,인천광역시 동대문구 백제고분가 118 (영순홍진마을),은경최김아파트 424호,042-999-0666,mgim@example.com
권선영,79223,충청남도 이천시 테헤란로 235-99,민서이아파트 548호,043-852-4078,gyeonghyigang@example.org
이은경,09354,대전광역시 강동구 논현길 559 (정숙박윤면),승현박윤타운 I동 442호,016-176-3034,sujini@example.org
손혜진,18764,부산광역시 강서구 강남대거리 14 (예지남동),경희박박아파트,062-432-8045,junhyeoggim@example.org
김민지,84072,울산광역시 동대문구 반포대213거리 665,지현김장타워,054-780-4251,eunjuhan@example.net
이지원,87040,광주광역시 강동구 오금074가 535-72 (명자우면),진우이백타워 730호,053-030-5297,jeonghyi09@example.org
김현준,19199,인천광역시 성북구 테헤란길 998-19 (영미문이마을),명자이타운,018-049-1053,caeweongim@example.com
이지영,72252,경상남도 수원시 권선구 개포가 994,순자고마을,042-679-3968,yejungim@example.net
신영식,78619,경기도 양양군 선릉로 805 (옥자이마을),준서김최아파트,042-651-0724,yangseoyeong@example.com
김현정,32893,경기도 인제군 개포657거리 748 (현지이리),경자장타운 G동 825호,011-732-1120,eo@example.com
김채원,15163,울산광역시 강동구 언주로 지하339 (선영윤김동),영길김아파트 P동 828호,064-765-0014,jeongsun71@example.com
박상호,73744,서울특별시 중랑구 잠실66로 지하698 (주원윤리),정남이김타운 849호,031-034-4920,coecunja@example.com
강영호,40186,충청북도 음성군 서초중앙084거리 380 (지아김이마을),예진이연립 803호,033-417-5917,hbag@example.net
박옥자,76527,충청북도 고성군 가락0로 225 (은서김양읍),혜진김김연립 107호,061-815-5330,jeongsug13@example.net
배정호,96957,울산광역시 성동구 서초대거리 986 (진우이읍),하윤양최타운 V동 220호,018-417-1351,ni@example.org
김성민,88868,제주특별자치도 가평군 삼성1거리 815-77,준영박강연립 H동 905호,033-537-2278,ugang@example.org
안정식,96941,울산광역시 서대문구 가락거리 168-57 (현숙김리),미숙윤타워 595호,042-887-8900,miyeong35@example.org
김지연,49531,충청북도 태백시 영동대6거리 255 (정자최읍),서연박아파트 라동 712호,052-786-0220,bgim@example.net
김은영,58878,강원도 예산군 강남대5거리 지하134,영수김타워,019-140-9315,misug21@example.com
송진호,85416,광주광역시 관악구 잠실로 279-49,민석김김타워 M동 821호,063-493-4513,myeongsuggu@example.net
김정자,43594,부산광역시 양천구 양재천05거리 83,준서박이마을 L동 168호,044-402-1896,siu58@example.com
최현숙,86625,세종특별자치시 동구 개포4거리 412-48 (경희박면),승민이김아파트 G동 334호,043-399-6970,yeongil17@example.com
김시우,16372,세종특별자치시 노원구 영동대44로 877 (건우이박동),서윤이민타워 E동 024호,054-661-8788,mgang@example.net
이민수,27505,경기도 용인시 처인구 양재천6로 8,중수곽이마을 943호,043-790-8393,iyeonghwan@example.com
김민석,80282,충청북도 안산시 압구정68로 555-4 (병철한면),민준이타워 마동 547호,054-554-2820,ki@example.com
정민수,68765,인천광역시 서대문구 압구정거리 698,종수김아파트,018-222-6260,sangceol18@example.net
김현우,76495,충청북도 단양군 서초중앙0가 593,순옥강타운,02-2197-6618,coeminjun@example.net
이영호,84441,부산광역시 서구 잠실4길 295-40 (승민안최마을),경희김윤타운,033-407-2809,jeongja18@example.net
조정남,99995,대전광역시 성북구 선릉거리 지하523,재현이빌라 바동 189호,033-371-2016,yeongsug74@example.org
박수진,82588,경기도 서산시 압구정길 523 (현지김면),도현김아파트 L동 115호,018-314-9578,jeongho59@example.org
심민석,64841,인천광역시 광진구 도산대길 500,은경이연립 N동 880호,052-594-9607,ogim@example.net
류영미,11234,부산광역시 서초구 오금길 지하223,도윤황남타운 M동 697호,064-784-4257,anseohyeon@example.net
나정식,98266,충청남도 용인시 기흥구 석촌호수683거리 9-53 (현지안김마을),성진김타워,052-255-5067,yeonghwanmun@example.org
문성민,37605,충청북도 평택시 언주996가 436-96 (성수고안면),영호이아파트 816호,018-123-5078,ao@example.net
이정남,39298,부산광역시 종로구 강남대8가 지하503,성민이연립 772호,055-818-0188,minjunmin@example.com
정건우,47107,대구광역시 마포구 석촌호수가 지하131,예지최서마을,044-482-0097,seoyeongim@example.com
서정수,01569,제주특별자치도 횡성군 서초대가 488 (영숙이읍),정웅정연립 C동 814호,031-546-9448,caeweonbag@example.com
송현주,56782,대구광역시 광진구 도산대로 652-28,승현김아파트 411호,02-7292-6790,gimjeongsu@example.com
박승민,27643,경상남도 평창군 논현길 873,현정이아파트 P동 785호,062-246-5695,honggeonu@example.org
장정숙,04161,경기도 수원시 팔달구 강남대로 지하168 (도현강손동),지은이마을 006호,011-964-8767,donghyeon54@example.com
김순옥,77550,대구광역시 노원구 도산대5가 768 (미경최동),정수오빌라 L동 981호,017-777-0365,cca@example.org
김지민,21030,서울특별시 은평구 선릉2가 98,민재박이빌라 326호,070-4622-5516,minsu47@example.net
이서연,86944,서울특별시 동작구 양재천길 250-31 (정호류이동),현정김아파트 O동 801호,031-133-1128,seongsugim@example.org
이지후,40457,제주특별자치도 연천군 개포로 108,옥자송이연립 P동 739호,041-301-4220,cunja58@example.com
오순옥,73277,경상북도 강릉시 서초중앙949길 529,경수김한빌라 마동 342호,018-617-3314,hwangseohyeon@example.org
구진우,61908,경기도 성남시 수정구 오금가 506-20,재호이송빌라,042-516-0012,eunjii@example.com
홍현지,94838,서울특별시 용산구 가락6길 495 (현주이면),윤서박김연립,044-906-0771,jihun52@example.org
하영희,62286,경상남도 의정부시 서초대969거리 666-16,미경오최마을 710호,019-448-7096,eunji13@example.net
김정숙,78703,전라남도 태백시 양재천가 816-95,지우김마을 K동 500호,017-913-6642,seoyun77@example.net
김승민,09962,부산광역시 송파구 백제고분로 910 (서영백동),정숙이연립 X동 086호,070-8819-6464,ihaeun@example.com
이예진,27359,광주광역시 남구 언주로 346-79 (미숙윤김읍),병철김문마을 510호,052-639-5676,sunjagu@example.com
박재현,47169,경기도 충주시 서초대가 569 (선영김이마을),순자김타운 D동 543호,061-040-0837,gimhyeonu@example.org
권영희,79724,전라남도 군포시 반포대길 147 (수진박박면),준호김주빌라 T동 667호,010-9125-2943,hyeonjeong97@example.net
이예은,89766,인천광역시 구로구 선릉639로 438-8,정웅김마을,051-375-0092,bgim@example.com
송미정,82613,세종특별자치시 중랑구 백제고분가 274,경수최최타워 H동 147호,070-1334-1588,hgim@example.org
홍미영,40827,경상북도 의왕시 선릉거리 552-47,주원홍타운,031-530-0206,yeeungim@example.com
강종수,95675,대구광역시 중구 오금거리 311 (종수이동),지후이마을 X동 725호,017-740-6417,gimjeongsig@example.com
황준서,00213,세종특별자치시 송파구 역삼56길 425,예은홍안빌라,054-018-8672,junyeong24@example.org
최옥자,99827,충청남도 여주시 오금로 330,현정최연립 103호,070-5413-6312,jimin66@example.net
송지현,46924,대전광역시 노원구 개포가 673-35,시우홍타워 255호,054-992-7427,junseoyun@example.com
김정남,58290,경상남도 양평군 서초중앙가 868-47 (명자권마을),재현최최빌라 376호,010-6687-9422,yeongilyun@example.net
김은영,16041,충청북도 포천시 삼성71길 422,명자김강타워,010-2593-5620,gimjeongho@example.org
김현주,11485,전라남도 금산군 학동515로 989 (정남이고동),경수백타운 Q동 248호,054-402-1533,gyeongjai@example.net
이지민,65532,경기도 청양군 논현거리 지하754,영순황빌라 080호,061-625-4507,ganghyeonjun@example.org
이은정,59391,전라남도 부천시 가락922거리 316-69,하윤송양타워 377호,054-622-0845,fi@example.com
남하은,79673,전라북도 음성군 봉은사3길 534-73 (정희엄이동),지현고아파트 K동 803호,031-020-4400,ibag@example.org
이성훈,85199,세종특별자치시 동구 선릉287가 지하940,예원최마을 319호,042-556-7298,seohyeon13@example.net
김병철,24131,경상북도 안성시 가락가 347-3,정수박김타워 071호,052-012-8205,jeongsu53@example.com
임민석,42198,강원도 충주시 삼성로 264 (예지조홍읍),은정박이마을 132호,062-522-7480,baghyeonjeong@example.net
김건우,83728,전라북도 부천시 오정구 봉은사205로 978-48 (현준황면),경자유이타운 R동 529호,064-708-2274,jeongogja@example.org
윤순자,12696,강원도 용인시 수지구 도산대길 531 (지혜최강읍),영철노아파트 X동 681호,052-963-2558,hyejinyun@example.net
김진호,08641,울산광역시 도봉구 석촌호수거리 696,순옥안김타워 407호,031-650-0350,scoe@example.net
이예은,26245,제주특별자치도 화성시 개포49가 71-29,지민문타워 P동 634호,016-767-2699,seonghun67@example.com
최성민,25405,경상남도 시흥시 반포대거리 800-7,도윤정연립,054-445-4867,gimsugja@example.org
황예지,56192,전라북도 옥천군 가락거리 599-33,현숙이김연립 521호,064-740-2506,muneunseo@example.net
이지현,65342,전라북도 광명시 양재천995로 281 (유진심오마을),지영이김아파트 L동 612호,019-148-9820,jeonghoyun@example.net
엄예진,74842,부산광역시 광진구 서초대거리 677-37 (하윤이리),예진장이연립 844호,053-485-1133,lgim@example.net
송미숙,67731,세종특별자치시 동대문구 강남대423가 425-20,정자신연립 954호,042-565-8664,yi@example.net
권광수,98452,경기도 여주시 삼성로 825-67 (지현김이리),주원박최연립 131호,017-816-5726,sunja38@example.org
김은영,51055,충청남도 안산시 상록구 역삼0로 257,주원유장마을 396호,044-044-7797,minseoi@example.net
김미경,96009,경상남도 괴산군 테헤란9로 지하958 (정숙김백읍),재호박최빌라,041-867-9630,junyeong50@example.com
김지원,41675,울산광역시 강동구 도산대거리 944,도윤서엄연립 O동 377호,018-039-2972,xhong@example.net
박아름,02174,제주특별자치도 용인시 수지구 백제고분1거리 688-91 (순옥한리),지현윤양마을 U동 803호,010-3262-2431,jeongsugnam@example.org
권현정,58942,인천광역시 서초구 석촌호수19길 129-70,재현최마을 X동 862호,010-4791-7961,bagjiyeong@example.net
정지혜,22596,서울특별시 동작구 삼성122길 367-95 (정순김마을),영철김연립 448호,051-960-8542,minjaeheo@example.org
손은영,34819,경기도 포천시 강남대길 508,승민김권타운 579호,011-428-0841,ijongsu@example.org
권중수,68358,인천광역시 중랑구 봉은사0거리 989-73,예준김송마을 P동 594호,010-8734-5380,to@example.net
전정수,88538,울산광역시 노원구 강남대19거리 426 (영숙김황면),은정박박마을,062-480-5506,hyeonjeonggang@example.org
이명숙,93385,경기도 서천군 양재천23로 751-12,현정윤김마을 C동 080호,011-447-5524,naseohyeon@example.com
강현우,83071,울산광역시 중구 언주872로 635,수진김연립,043-828-8120,yeongja23@example.com
조윤서,24169,전라북도 부천시 오정구 학동174로 57,정숙김연립 379호,052-183-8433,seonghun13@example.org
강경자,86410,인천광역시 관악구 영동대09거리 990-51,영진김심타워 282호,016-607-1868,sugjagim@example.net
최상훈,86453,울산광역시 동구 삼성거리 525 (성호윤마을),정훈김빌라 H동 903호,054-282-7296,bagyeongsig@example.com
권시우,54421,전라북도 당진시 양재천거리 621 (승민김윤읍),서현전김타워 가동 087호,053-136-8921,oryu@example.com
이상철,19149,전라북도 고성군 봉은사596거리 625-46,병철고타운 Y동 883호,010-4367-0168,jihun41@example.org
박우진,30850,충청북도 천안시 서북구 서초대길 672 (정남손이리),준호김김아파트 142호,064-762-8627,jeonghun98@example.net
심하윤,11003,전라남도 안산시 상록구 삼성거리 591-7,정웅최연립 572동 470호,018-400-9263,baghyeonu@example.org
김민지,76271,충청남도 성남시 중원구 선릉36길 868-5,준영최연립 B동 115호,044-536-1661,gimyeongsig@example.net
이수진,29910,경상남도 제천시 압구정로 394 (서현서마을),지훈김타워,033-589-4558,byeongceoljang@example.org
윤준호,34685,전라북도 홍성군 가락로 317-76,지현이김아파트,017-679-0074,yeongsuncoe@example.org
김영숙,31787,세종특별자치시 용산구 선릉가 135,지은홍빌라 Y동 984호,061-543-7840,iyeonggil@example.com
박서연,89058,대전광역시 중랑구 백제고분길 276 (정희서권리),중수이마을,063-026-2324,gimseongmin@example.net
최명숙,87865,경상북도 양주시 강남대252로 376 (지혜이박읍),상현윤곽타운 F동 843호,017-025-1790,jihyeon14@example.com
김서현,92377,경기도 충주시 봉은사가 100 (경수김리),영환송빌라,011-851-0098,qi@example.org
김서연,19849,대구광역시 영등포구 역삼로 865 (민재장동),재호박연립,044-260-2869,gogyeongja@example.org
김채원,80862,대전광역시 강남구 오금거리 346 (지원황동),성수장박마을,055-019-0119,rcoe@example.com
류하윤,02284,울산광역시 도봉구 도산대41로 344 (주원김동),현숙김빌라,052-315-0506,byeongceolgim@example.org
김지연,56235,서울특별시 남구 삼성46가 346,경희배빌라 432호,032-631-8706,sanghyeonseo@example.net
이춘자,15124,인천광역시 동대문구 언주19거리 337-92 (미숙고남동),영일윤아파트,041-247-0545,jaehyeonmun@example.org
황지연,96703,울산광역시 서초구 논현길 316-2 (하은주최마을),상훈서타운 224호,042-427-7297,minji75@example.org
한영미,86139,서울특별시 남구 반포대1로 179-16,미영윤나타워,053-985-9250,yeongil74@example.org
주민석,45939,충청남도 속초시 압구정거리 898-87,지원김최타워 I동 943호,053-369-8316,minjaesin@example.org
백영진,74932,경기도 구리시 선릉30가 936-8,상호조마을 996호,017-480-9433,lgim@example.com
주은경,85367,대전광역시 중구 강남대34로 447 (성훈김이동),수빈이아파트,052-886-8596,ui@example.org
배하윤,71270,부산광역시 강북구 역삼로 769-61 (지영이마을),민수윤홍타운 659호,011-893-0892,seonghyeonbag@example.org
홍현지,86405,경기도 횡성군 봉은사84길 지하985 (우진김김면),은영최박타워 F동 823호,061-173-5020,sunoghan@example.org
손정식,72724,울산광역시 금천구 영동대길 756,상훈박황타운,044-302-6175,yeongiljang@example.org
김현우,18496,대전광역시 서구 테헤란로 589,영자박김타운 562호,032-172-4632,honghyeonu@example.net
김성민,24188,대구광역시 성동구 학동길 지하410,재현이김마을,053-967-7122,iujin@example.org
김정자,61376,전라북도 서천군 선릉8로 432-32,영일이빌라 가동 476호,070-1249-6335,junhocoe@example.com
윤성현,63308,광주광역시 은평구 봉은사길 258-44,승민김타운,017-015-9282,minji95@example.com
김민지,12819,경상남도 평택시 반포대길 461,재호안박타운 935호,011-049-3215,ran@example.org
권미숙,03658,제주특별자치도 홍성군 개포667로 659,서준김김빌라 620호,041-852-4190,yeweonbag@example.com
김명숙,82371,인천광역시 동대문구 영동대9거리 792 (민지박김마을),지연류아파트,044-143-2701,minjunmun@example.org
양영진,02874,경기도 보은군 서초대1로 427,영숙박김빌라 E동 138호,044-990-5873,bagjeongung@example.net
장진호,57659,전라남도 계룡시 서초중앙32길 662,영미권하타워,055-697-6300,migyeong28@example.org
김민석,94094,경기도 가평군 가락1가 72 (영자김읍),지훈남타워 S동 633호,033-519-0638,geonu00@example.net
이정식,05332,서울특별시 서초구 학동81거리 994-53,미경황김타운 041호,011-231-9099,jiugang@example.com
문영호,97375,세종특별자치시 서구 양재천길 632-84 (진호김면),예준김이마을,051-834-7437,tgang@example.net
김은서,94948,광주광역시 종로구 양재천580길 439,영철주이타워 219호,010-0119-7215,janggyeongsug@example.net
오지우,63943,전라북도 증평군 삼성거리 346-57,경숙문타운 782호,011-898-8803,osiu@example.net
김지원,21097,충청남도 안산시 잠실길 294 (하은김면),승민김마을 119호,031-642-2481,wgim@example.org
이영희,16246,전라북도 고양시 일산서구 영동대86길 300 (정웅김동),서준송김아파트,042-671-4529,sbag@example.net
문옥자,12219,대전광역시 강북구 서초중앙가 557-10 (병철전면),은주김아파트 G동 308호,010-5095-6592,gwangsui@example.net
이정식,74896,광주광역시 강서구 서초대75길 561,민지강타워,042-113-8122,jinhoi@example.net
한예원,99852,강원도 서천군 논현거리 768 (성현허동),정훈김마을 마동 651호,052-963-8606,jangyeongceol@example.org
김명숙,82275,경상북도 수원시 팔달구 양재천38길 672-9,경숙안마을,052-823-5187,migyeonggim@example.org
최명자,92426,서울특별시 도봉구 테헤란길 217-85 (정웅송면),예진박타운 N동 725호,018-397-2068,yejin94@example.com
이영길,64984,서울특별시 강동구 잠실길 610,은주윤연립 959호,02-1830-6786,migyeongan@example.org
최시우,84444,서울특별시 강서구 압구정23길 지하17,영일강아파트 F동 449호,010-3483-2596,donghyeonmun@example.org
황지은,19515,충청남도 철원군 양재천65로 977-94 (보람서김읍),명자최김타워 666동 701호,031-664-8173,jinho87@example.org
심상철,46018,서울특별시 동구 영동대582거리 829-54 (서연이강읍),도현장김연립,063-828-5938,lson@example.net
김민서,60086,대구광역시 서대문구 도산대거리 지하170 (정순정마을),민준송연립 E동 368호,054-852-2464,fgim@example.com
김정희,67542,부산광역시 서구 논현로 지하496 (지민차서읍),선영윤타워 J동 684호,016-859-6218,ihyeonji@example.org
김성수,22217,대구광역시 남구 영동대92로 153-19 (성민김면),영길이고타운 888호,016-021-9803,wgweon@example.org
한민재,84442,대전광역시 송파구 압구정길 144,미숙김이타운,019-723-4094,dbag@example.net
박상훈,03052,울산광역시 중랑구 반포대로 387 (재현임최읍),수민송아파트,062-060-8596,byun@example.net
곽영일,14361,인천광역시 성북구 서초대로 967,영수박빌라 Y동 114호,055-185-2313,gimmijeong@example.net
이영길,68196,경상북도 청주시 흥덕구 서초중앙85거리 615-17,지혜안이타워 102호,02-1290-7691,imisug@example.com
곽영환,86579,충청북도 광명시 가락389길 155 (시우이읍),성훈최마을 120호,062-836-5663,lha@example.com
서지아,05103,경상남도 청양군 백제고분160로 130-73,은서권이마을,055-352-3774,sonyeongil@example.net
김현주,88583,전라남도 남양주시 양재천740거리 567 (성현이마을),상호서마을,031-833-5417,jihye15@example.net
김지아,77373,대전광역시 용산구 영동대길 322,수빈김이연립 365호,043-595-8786,jeongsug76@example.com
이지영,41425,부산광역시 구로구 역삼로 956-2,현정임류빌라 914호,043-441-6541,jiweon80@example.org
박승현,33396,제주특별자치도 군포시 선릉824가 635,윤서김엄마을 Z동 254호,054-637-8251,sunog58@example.org
이미영,16656,전라북도 정선군 논현거리 300,건우이류마을,016-883-1629,gimyeongsu@example.org
김현우,69643,전라남도 고양시 일산서구 압구정길 828-60 (채원박김동),정남최타워 N동 640호,070-4900-1364,miyeong86@example.org
김성민,55066,제주특별자치도 홍천군 강남대45가 436-94,영수문마을,011-153-9880,yeongjinbag@example.org
문정호,82514,경상남도 안양시 석촌호수로 455,영철윤타워 320호,062-090-2869,xyun@example.net
손영호,66176,인천광역시 중구 삼성01로 494-27 (도윤김마을),중수이빌라 771호,02-9224-3414,eunyeong56@example.net
박수진,82617,전라북도 부천시 원미구 서초대74가 121-46 (상철김읍),옥순최빌라,061-336-7014,bagseonghun@example.org
이서현,03016,인천광역시 구로구 압구정402길 110-25 (민서이성리),경자진타워 V동 978호,055-499-6219,junyeongjang@example.net
박도윤,63554,제주특별자치도 김포시 언주거리 492,민재김김마을,016-596-5858,jieuncoe@example.net
이지원,45187,부산광역시 노원구 서초중앙091거리 457-83,정희홍박아파트 933호,02-8940-8388,jiuhwang@example.net
양옥순,13357,경기도 연천군 강남대2가 185 (서영박마을),현숙전아파트 K동 232호,061-290-0900,mijeong57@example.net
권현준,02485,전라남도 고양시 일산동구 선릉가 511-26,숙자이김연립,031-676-1883,yejiyun@example.org
한수진,80114,충청남도 남양주시 반포대97가 909 (지은고김리),순옥이마을,061-586-6493,ieunseo@example.net
이민석,42729,충청남도 동해시 논현54가 214,지아차빌라,044-000-8141,gimjunho@example.net
서경수,46985,대전광역시 남구 선릉281가 498,지영이연립,010-9538-0805,sjang@example.org
박영희,39494,서울특별시 구로구 서초중앙가 173-17 (미경김리),은영한박연립 787호,017-653-5478,sonogja@example.net
서동현,52714,제주특별자치도 성남시 수정구 역삼92가 995 (은주김김동),수민최빌라 305호,043-875-5448,sanghoi@example.net
홍동현,15087,충청남도 괴산군 테헤란가 779,상호곽안마을 다동 439호,070-5042-2739,agu@example.org
권서연,17469,충청남도 평창군 개포2가 610,영식윤연립,033-961-6321,gyeongsugjang@example.org
이진우,42980,부산광역시 중랑구 백제고분3가 347 (성수안유읍),준혁서아파트 마동 787호,055-942-9946,gimsumin@example.org
김민지,97487,충청남도 부천시 원미구 논현거리 775-42,정희김류마을,052-106-7844,rjeon@example.org
권준혁,46485,부산광역시 금천구 개포58로 321 (지은박읍),순옥이김연립 521호,063-345-1371,jeongnam11@example.com
박지은,52464,부산광역시 서구 석촌호수72가 855-21 (수빈한동),영일이장타운,017-279-2552,hyeonjungim@example.net
고하윤,65352,전라남도 당진시 논현90길 968 (보람이고동),경수김윤아파트 R동 852호,017-259-1218,si@example.net
오지혜,33322,서울특별시 남구 영동대길 333 (건우최동),예원이마을,055-577-1750,jinu64@example.com
김현숙,92474,대전광역시 중랑구 개포62가 632-63 (미숙이장마을),영일박이타워,044-311-5822,sangceoli@example.net
이수진,80200,서울특별시 강동구 테헤란3거리 616-77 (서영김동),영환백김마을,033-889-8059,namseungmin@example.net
김정호,76625,세종특별자치시 금천구 압구정길 789-15 (유진박심면),성진윤마을 U동 453호,062-432-4582,yeongja69@example.com
이지민,80547,울산광역시 마포구 압구정거리 579 (민서최리),영수윤양빌라,041-385-0748,dohyeongim@example.com
장은정,01405,전라남도 안양시 동안구 영동대564가 469 (지아이오마을),지원송마을,018-590-3290,sanghyeon60@example.org
김민준,73951,대구광역시 강남구 논현거리 974-60 (현숙김리),지현박김연립 197호,055-785-2795,lyang@example.net
김영순,73123,대전광역시 서구 서초중앙길 440 (상훈이동),건우김타운,041-066-5778,seongmingang@example.com
황진우,73903,전라북도 용인시 처인구 논현865가 307 (경자김리),상철김박아파트 600호,061-138-4957,jimingim@example.org
이경자,42002,인천광역시 송파구 오금078길 23 (준혁김리),우진이박타운 U동 450호,043-819-5678,hyeonui@example.net
장진우,14851,부산광역시 강동구 학동거리 189-72 (보람박리),상호백김타워,033-599-2343,sugjacoe@example.org
김은정,32235,경상남도 평택시 테헤란08가 609,성진강빌라,017-488-2773,hayun40@example.org
김상철,54045,광주광역시 도봉구 반포대가 586-72,진호황김빌라 Y동 036호,044-788-4506,jihyeonbag@example.net
신우진,10159,전라북도 시흥시 역삼길 235,은서차장타운 460호,016-788-2259,jeongnamhan@example.org
이정웅,67393,울산광역시 관악구 양재천거리 지하726,예지김연립 H동 182호,051-760-9934,minseo42@example.com
오현정,72558,세종특별자치시 도봉구 양재천4로 36,정희이타워,018-844-3441,josangho@example.com
박영일,54703,인천광역시 서초구 압구정809거리 805 (지아박김면),성진권마을,019-618-6377,migyeong89@example.com
백영순,27021,경상북도 태백시 압구정가 829,준영신연립,017-707-3009,gyeongsugbae@example.org
이수진,54958,세종특별자치시 동대문구 가락9가 511 (명자장이면),현숙오타워,032-932-6428,sumin62@example.net
허유진,28984,대전광역시 중랑구 반포대가 708,숙자이김연립 070호,031-694-2505,gimhyeonju@example.net
김정남,88337,전라북도 고양시 가락489길 지하673 (정순김이리),영환강마을 42동 185호,070-8639-9838,gcoe@example.com
류지후,29494,제주특별자치도 아산시 삼성679길 873,정호장이빌라 G동 468호,042-140-4812,jeonghoyun@example.net
박상훈,39547,울산광역시 남구 테헤란길 473-70 (지후박동),현숙장마을 C동 108호,051-607-2058,kcoe@example.org
강현정,86252,강원도 고양시 봉은사1로 192-71 (미숙이읍),지연이타운,044-716-8016,byeongceol11@example.net
고미경,39460,전라북도 수원시 권선구 강남대31가 711,재현박빌라 O동 045호,054-481-7758,junhyeogbag@example.org
김옥순,02946,부산광역시 노원구 도산대가 273-14 (재현우권마을),시우나이빌라 335호,016-580-2710,areum96@example.com
윤경수,60373,울산광역시 중랑구 강남대3거리 79,상현이마을,019-541-3451,ggim@example.com
박은주,67146,울산광역시 서초구 압구정로 400-20 (준영권리),민석김이타워,051-105-2727,kbag@example.org
이성훈,49837,대전광역시 성북구 삼성가 916 (경숙박김면),민석최손타운,031-606-4847,fcoe@example.com
김재호,12303,경상남도 용인시 반포대288길 410,유진박홍타워 W동 221호,062-062-7454,cbaeg@example.net
박명숙,26509,전라북도 영동군 언주로 297 (현정김김마을),성진이서빌라 B동 056호,070-5832-8161,yeweonbag@example.net
김동현,84716,제주특별자치도 수원시 팔달구 서초중앙108거리 644-15 (유진김이면),영자김연립 241호,016-265-3112,ieunjeong@example.net
최서윤,23265,경기도 고양시 일산서구 강남대길 458-53 (하은이동),영순박아파트,070-0399-3631,seongjin00@example.org
최정식,98921,세종특별자치시 송파구 반포대로 222-65 (종수한송마을),예준박박아파트 735호,070-9459-8968,minji86@example.org
배서윤,06337,서울특별시 마포구 학동4길 722-18 (경자유리),순옥김문마을 848호,032-352-9586,lgim@example.com
김지영,53429,세종특별자치시 노원구 석촌호수58거리 763-4 (정희손이리),재호이빌라 315호,033-666-0546,misugi@example.org
강주원,09594,전라남도 안양시 가락길 653,성수김타운 U동 467호,070-4806-9543,iseongsu@example.org
이성수,30614,전라남도 단양군 반포대가 175 (순자구읍),영길서연립 T동 592호,019-726-6339,eunjeonggim@example.org
김정웅,01090,충청북도 수원시 권선구 서초중앙4거리 478 (지아성이동),영환권권타워 877호,018-053-9607,yeongsu46@example.net
백현우,74250,전라남도 청주시 상당구 석촌호수길 591,성수김이타운 Z동 055호,063-729-8545,eunseoyun@example.org
박민준,72701,충청남도 용인시 수지구 백제고분99가 40,춘자박타워 191호,042-915-2931,yeji10@example.net
윤영호,19948,경기도 이천시 서초대거리 685-29,승현박강빌라 Y동 566호,070-6286-2482,siu07@example.org
이정수,10986,대구광역시 성동구 백제고분길 148,은서김연립,062-236-1149,seojunbag@example.com
송준호,36849,인천광역시 북구 서초중앙2길 215-47,정식김빌라 012호,011-640-1964,myeongjabag@example.com
김준영,55360,세종특별자치시 종로구 강남대거리 411-65,승현박한마을 S동 411호,017-873-3949,hbag@example.org
박보람,20997,서울특별시 서초구 가락길 976,우진신강아파트,043-006-3722,wno@example.com
차준영,20435,제주특별자치도 여주시 가락623거리 165 (예지서마을),은영이이아파트,018-026-2928,sujin93@example.com
이영진,64540,울산광역시 중구 가락149거리 896 (은주박이마을),민석권빌라,02-4412-1424,seoyun23@example.org
김영식,89588,인천광역시 남구 개포1거리 889 (동현박최리),건우이타워,054-129-8572,seongsubag@example.com
이춘자,52932,부산광역시 북구 역삼64로 129-26,지은김타운 328호,02-1625-7958,junhogim@example.com
서영호,67156,인천광역시 광진구 개포41로 321,춘자한고마을 216호,031-434-6596,jihyeonbag@example.com
백승현,04259,강원도 진천군 삼성길 102-19 (정수백동),하은이마을 328호,031-071-6201,ihyejin@example.com
문하은,96844,전라남도 부천시 양재천로 558-73,영수이이타워 561호,044-807-6531,mungeonu@example.org
안영식,56737,강원도 성남시 분당구 학동416가 3-15,지훈임연립,062-647-6392,baegseongjin@example.net
장정식,04439,경상북도 서천군 선릉거리 516,승현주연립 U동 761호,019-385-4896,minjuni@example.com
문승현,40572,부산광역시 성북구 압구정34가 865,영철이연립 001호,041-137-9983,gimmyeongja@example.com
장지연,21570,충청남도 고양시 일산서구 영동대0가 577,재현강이타워,016-846-2976,jiyeongo@example.com
윤성진,10637,울산광역시 관악구 영동대0가 284,보람황마을,061-110-1763,dohyeongim@example.com
구정숙,21054,대전광역시 금천구 오금29가 982-79 (광수이읍),정웅박타워 874호,054-505-2108,hyeonsughong@example.org
최준호,47195,울산광역시 성북구 서초중앙474길 730,영미서조타워 318호,018-631-6241,kheo@example.org
이지원,19302,제주특별자치도 수원시 장안구 논현500가 910,예준심타워 E동 991호,031-340-9243,jeonghun40@example.org
나현숙,89809,부산광역시 강남구 삼성90길 350-63 (은영이읍),현우권타운 J동 370호,054-634-6758,junhyeogo@example.net
박예지,64705,세종특별자치시 동대문구 반포대968길 768,정숙김빌라 F동 359호,011-946-4956,dyu@example.com
박정식,73775,경상북도 청주시 흥덕구 가락40길 656-30,혜진배김빌라 883호,043-896-5750,umin@example.org
홍서준,91196,경상남도 청주시 상당구 서초대9로 지하889,재현이박빌라 639호,033-791-4424,gimminji@example.org
문현정,74358,부산광역시 양천구 언주거리 36-86 (성진강동),유진최타운 605호,062-826-6261,seunghyeon44@example.org
박영일,48188,강원도 부천시 소사구 압구정08길 907-42,병철이아파트 762호,02-0150-9467,iseojun@example.org
김성민,00960,경상북도 서천군 선릉로 28,상호김빌라,061-278-1194,jiyeongsin@example.com
박경수,55435,충청남도 고양시 언주길 지하424 (수진이마을),서연박빌라,019-534-9022,sumini@example.org
김서영,99509,인천광역시 동대문구 양재천길 887-22,성호김아파트,041-729-4949,gimjongsu@example.net
최민지,51903,경기도 논산시 테헤란7길 509 (성현윤읍),경희김타운 E동 431호,043-847-3705,gimsubin@example.com
이영길,42183,전라남도 안산시 단원구 서초중앙길 306-74,현우백타워,016-181-7601,seohyeon67@example.org
류영숙,45488,울산광역시 중랑구 개포거리 389-44 (은지최김읍),지은김마을 I동 978호,032-783-1171,yeongho99@example.net
이예원,89216,세종특별자치시 영등포구 백제고분22가 지하988 (정호이동),지아김강연립,054-808-7727,hanyujin@example.com
장영식,77144,경상남도 수원시 권선구 언주8로 814 (서영홍이리),성수임빌라 154호,031-430-9533,gimjieun@example.org
강성현,64675,경기도 청주시 흥덕구 영동대로 906-14 (은영임배동),영자진박타워,02-1494-1874,coeyeongsu@example.org
김도현,28167,광주광역시 서대문구 학동4길 812,지은오연립,043-319-4855,hyeonji94@example.com
송수진,55123,경상남도 수원시 팔달구 양재천9거리 265 (현주홍동),미영박조빌라 822호,054-878-0812,gimseonyeong@example.org
안상훈,25643,부산광역시 용산구 오금가 853-69 (지현이이마을),현정오윤타워 I동 456호,053-039-6747,gyeongjai@example.net
이현준,27302,전라남도 평택시 테헤란거리 600,지영민타워,031-240-8824,gyeongsugang@example.org
손병철,63167,강원도 안성시 석촌호수로 123-70 (혜진이마을),지후김황아파트,053-215-7225,seohyeon37@example.org
이수민,52511,경상북도 여주시 석촌호수6가 796-78,영길하허마을 라동 258호,062-036-2251,sunog24@example.org
곽옥자,30197,서울특별시 서대문구 삼성길 929-88,종수남타워,054-760-8677,jiugim@example.com
김진우,13364,강원도 증평군 서초대249거리 631,성수김배마을 J동 225호,070-4728-7303,ryumijeong@example.com
이준호,30936,강원도 태안군 역삼81가 739-28 (재현한김읍),정수김연립,016-719-0360,josunog@example.net
고승민,59586,세종특별자치시 금천구 논현가 159-7 (영진윤배읍),영길이아파트 H동 015호,055-158-1621,anjieun@example.org
이정식,08095,경상남도 공주시 학동가 798,정식김이타워 91동 642호,018-653-7285,zi@example.net
박미경,15831,광주광역시 관악구 봉은사5로 24,은영김윤빌라 M동 771호,010-3049-5350,hyeonsug20@example.net
서옥순,22135,경상북도 하남시 잠실9가 201-68,영진권강타운,019-402-1751,ieunseo@example.net
김성수,80175,부산광역시 서대문구 도산대84로 678,서연김김마을 186호,061-301-6532,jjang@example.com
이영미,18149,충청북도 홍성군 서초중앙거리 703-2 (지우이장마을),상훈박타워 037호,010-3226-9828,hyeonsug67@example.com
권재현,88049,경기도 제천시 백제고분52거리 22-98 (미경강읍),경수김김마을 792호,062-962-5740,gimjieun@example.org
김예진,91096,제주특별자치도 평창군 압구정거리 685 (병철한김읍),현정강연립,053-287-3587,eunju46@example.org
이도윤,18998,인천광역시 서초구 석촌호수497로 668-74,지영김마을 738호,011-005-0249,gweonjeongho@example.com
박민석,71562,경상남도 의왕시 언주089거리 100 (민수권동),영철안김연립,041-586-7267,minjaegim@example.net
이성현,65332,부산광역시 은평구 논현로 581-21,경숙이강타워,042-068-8543,sumin56@example.org
오정남,21645,광주광역시 관악구 서초대로 613,지혜문김마을 751호,011-841-2610,gyeongsu45@example.com
오재호,28003,대전광역시 서구 잠실014가 725-30 (영미한동),영수이빌라 E동 269호,017-350-9990,sanghogo@example.net
이지현,53153,충청남도 성남시 중원구 학동로 지하428,지후이김타운,070-9946-4478,lbag@example.net
이동현,06722,전라북도 단양군 서초대로 982-26,영수이빌라 059호,051-856-4382,sumini@example.org
심서준,89654,충청북도 부여군 개포거리 930-21 (서영박최면),명자송빌라 Y동 624호,043-886-3716,eunseo32@example.org
김현주,84665,경상북도 가평군 논현거리 289 (정식오한면),재호황김연립,070-9861-0491,bagyeongceol@example.org
윤정숙,10643,강원도 고양시 덕양구 서초대63길 441 (영환이이리),정숙윤박타워 H동 970호,010-0732-8392,jiyeong40@example.org
박정순,34298,대전광역시 강남구 가락가 24-33,현우한최빌라 W동 653호,055-363-9188,vcoe@example.net
이영순,82081,세종특별자치시 금천구 봉은사길 596-58 (병철지나동),경자최권아파트 I동 466호,054-768-6248,yejun46@example.com
오영미,21532,울산광역시 구로구 압구정로 177,성호손타운 B동 027호,019-552-1910,minjunson@example.org
박예지,16306,세종특별자치시 동구 역삼41로 720-3,하은신이빌라 331동 459호,011-393-6122,areum39@example.net
박예은,51910,경상북도 서산시 잠실가 630-69 (숙자박김마을),현숙김서타워,053-060-1014,gi@example.org
배정훈,57069,제주특별자치도 고양시 반포대가 174 (예원강송읍),성호박아파트 347호,070-3719-0275,gimyujin@example.com
성지은,52933,인천광역시 성북구 삼성가 253-85 (병철문면),예진이타워 D동 256호,032-468-2951,anyeongsig@example.net
박현정,39072,제주특별자치도 김포시 논현로 지하586 (성호서읍),건우류타운 200호,070-5160-2865,pan@example.com
민서영,09337,대구광역시 영등포구 서초대거리 695,채원권최마을 E동 016호,063-740-9807,jeonghyi29@example.com
서현지,91341,인천광역시 서대문구 양재천거리 601,재호전타워 082호,018-643-8022,ijang@example.com
박은정,24018,세종특별자치시 금천구 영동대가 867-11 (지연송김읍),민지김이아파트 T동 643호,02-7110-3241,jiyeong90@example.net
이민석,17226,대전광역시 구로구 역삼6로 762,정순이아파트 V동 068호,052-440-8874,eyang@example.org
안현우,00325,세종특별자치시 중구 서초중앙로 181 (지은최리),미정김타워 534호,018-760-3579,jaehyeon25@example.net
엄예은,05651,울산광역시 용산구 역삼90가 355,정웅안타운 U동 344호,016-950-5779,seongjin67@example.com
김현지,57522,부산광역시 강북구 석촌호수60로 183-10 (정순박리),지후박장빌라,011-519-8298,yeweonji@example.com
최순옥,68865,경기도 보령시 삼성5가 324 (진호김전리),준영박이마을 L동 973호,064-709-2550,fgim@example.net
장지현,81466,울산광역시 서대문구 잠실길 255,영길이연립 라동 313호,064-782-5297,seoyunan@example.com
김현주,91472,인천광역시 중랑구 개포21로 지하748 (춘자이동),민수이이아파트,02-0821-7288,bagsunog@example.net
박은지,11632,전라남도 하남시 가락가 116-31,민준이권타운 T동 658호,010-3550-0321,minjaemun@example.com
김성진,24144,대구광역시 강동구 역삼로 710 (옥자강리),예준이윤타운 936호,042-115-2705,fbaeg@example.net
장도현,95050,세종특별자치시 성북구 반포대길 561,성현김한타워 120호,052-361-7635,yejun21@example.net
양정남,77626,충청북도 계룡시 학동가 494-59 (도현박동),혜진민연립,052-265-7963,hyeonsugji@example.org
최서준,39870,충청남도 고양시 덕양구 강남대가 965,영철이타운 R동 342호,010-8198-6624,yeonghyi59@example.com
김서연,58039,대전광역시 송파구 영동대9길 308,지후김박타워,063-323-3219,fjeong@example.com
황진호,74484,강원도 아산시 가락가 311,현준황연립 090호,043-468-2182,jinhogang@example.org
장예은,02325,전라남도 파주시 서초대30길 577 (미정김마을),영길이타워,044-124-6104,doyunbag@example.org
박지민,61174,대전광역시 서초구 언주거리 869 (민석최김읍),예원김유마을 나동 722호,044-260-7879,sujinbag@example.org
허현정,28290,대구광역시 강북구 압구정1거리 지하618,상철양연립,016-728-2318,miyeong20@example.org
이동현,56149,대전광역시 중구 백제고분42길 지하85,도현황이타운 362호,02-8953-4140,gimyeongsug@example.org
김유진,02984,전라북도 수원시 팔달구 삼성9로 352 (예진장동),순옥김빌라 313호,062-905-1521,ujin62@example.com
이미숙,06343,대구광역시 금천구 백제고분5길 746 (상훈박마을),경숙최지연립 717호,053-839-0000,gimsujin@example.org
장중수,54997,경기도 태백시 석촌호수가 지하534,서윤이장타운 813호,041-608-5322,seonghunbag@example.com
장준혁,69462,충청남도 서천군 잠실8길 235 (중수장김동),현숙박빌라 M동 075호,064-702-7944,zjo@example.com
류수민,40711,충청북도 여주시 역삼410거리 473 (민서김동),서윤최최타워 420호,019-731-8792,dohyeoni@example.org
김성진,02950,세종특별자치시 도봉구 개포058로 423-60 (준영김김동),은영정김빌라,062-169-0966,gimyujin@example.net
장영숙,61240,대구광역시 종로구 학동442길 104-12 (은정김리),준서김김빌라 I동 169호,018-832-5934,gimboram@example.org
오순자,56423,광주광역시 관악구 개포760가 519,성민박타운 T동 504호,033-359-1799,seungmingim@example.com
윤지현,40220,울산광역시 관악구 압구정54가 684-23 (채원윤마을),지연이김타워,055-236-2993,yeongsu90@example.org
이춘자,70571,대전광역시 성동구 강남대6길 858,병철김마을 810호,070-1432-3185,jeongnam93@example.com
박영미,98029,울산광역시 강서구 삼성90로 지하215,성호이타운 C동 559호,070-0831-1708,sanghogim@example.org
성승민,83688,전라남도 고양시 덕양구 오금36거리 79 (정희우김면),성민김빌라,044-094-0322,gimjihyeon@example.org
오영자,47145,인천광역시 중구 삼성로 259-25,숙자황김연립 840호,061-554-8531,seoyeonggim@example.net
김명자,24090,서울특별시 동작구 영동대4길 139-41 (정남이동),상호박타워 V동 898호,011-819-7426,yunjihun@example.com
강순옥,40982,인천광역시 양천구 영동대거리 615-79 (정훈김동),영호송마을,061-486-6636,jeongungseo@example.net
이서현,69857,강원도 군포시 테헤란974로 865,윤서박김타운,064-749-4720,fgim@example.com
최영호,74184,인천광역시 영등포구 서초대944가 846-19,지우이아파트,010-6231-6408,sangceol00@example.com
이종수,06351,경기도 용인시 수지구 영동대로 221,미정황구아파트,041-279-1681,byeongceol38@example.net
송정자,01509,전라남도 파주시 서초대0가 138 (춘자서마을),현우서아파트,061-391-7487,iyeongsug@example.org
이현주,61756,울산광역시 강동구 압구정가 685-5 (영철이마을),민재성타운,055-026-9968,jgo@example.com
양서영,08431,강원도 충주시 압구정8로 205 (영자우김동),서윤김타워 라동 548호,031-046-1292,jiweon04@example.com
이영환,58301,전라남도 여주시 역삼가 992,성민이타운,018-376-4149,hyeonji90@example.com
김정웅,56168,대전광역시 서구 도산대218가 667-13 (현지한이읍),진호강타운,018-430-7069,seonghyeonbae@example.org
이상철,45746,충청북도 진천군 가락741길 766 (채원황하동),경희이윤연립 340호,041-297-9501,agang@example.net
박춘자,79344,전라남도 태백시 논현209로 875-48 (정호김최읍),상호남연립 542호,041-666-6473,junyeongbag@example.net
류현준,03390,대구광역시 마포구 논현거리 509,경숙한연립,031-168-8851,tgim@example.net
오준영,69836,충청남도 안양시 만안구 테헤란223가 187-95,정숙장한아파트,033-878-9201,sanghungim@example.net
송은주,19027,울산광역시 은평구 반포대24길 지하326,상현조타워,051-786-7019,jaehogim@example.com
강준혁,53994,전라남도 고양시 일산서구 역삼거리 129 (민서손동),영자이아파트 L동 965호,064-752-0914,ogsuncoe@example.com
이미영,27404,세종특별자치시 금천구 도산대81로 796-50 (영철강김읍),영희홍강타워 V동 980호,017-755-6430,gangsunog@example.net
손수민,20382,충청남도 홍성군 언주거리 지하557 (민지박김면),지민김김마을,044-884-6260,seongjin80@example.org
홍상철,26000,충청남도 부천시 소사구 논현거리 330,미영김김아파트 O동 947호,02-6992-2911,qi@example.net
안승현,56512,강원도 안성시 언주21로 491 (은주김이리),우진이전연립 G동 264호,018-427-2644,uhwang@example.com
김서현,57122,충청남도 영동군 가락거리 61,현준김이연립 가동 842호,051-824-6166,jihun15@example.org
고성수,83117,부산광역시 북구 석촌호수거리 960,영진최빌라,063-413-4331,boramno@example.org
권정훈,40052,전라북도 김포시 양재천65로 424-54 (옥자박이면),순옥김김빌라 081호,041-418-5052,fi@example.net
문정수,62819,서울특별시 용산구 논현5거리 309-34,상현홍연립 마동 401호,032-536-9619,nheo@example.net
이서현,04944,경상북도 제천시 오금86거리 905 (현지류양마을),도현이아파트 G동 567호,043-086-1764,gi@example.org
김수빈,19253,세종특별자치시 구로구 언주로 200-71,경희이타운 P동 399호,019-851-0025,miyeong62@example.org
박윤서,56767,경상남도 광주시 석촌호수5길 321,예진이이마을 727호,010-1023-1249,yeongsugbag@example.com
김순자,18826,광주광역시 서초구 서초중앙로 지하316,정식한김타운,055-354-4852,yangmijeong@example.com
김상훈,70042,울산광역시 강동구 백제고분가 78 (미경김동),미숙박타워 E동 137호,043-725-7853,jangdonghyeon@example.net
배현숙,60786,경기도 고양시 덕양구 역삼53길 지하162 (정숙이김마을),유진최서타워 Z동 204호,010-9122-5732,gimseonghyeon@example.org
권민지,96885,전라남도 화천군 선릉6거리 지하704,준호최마을 626호,042-004-8445,ogja33@example.com
구시우,47294,울산광역시 서초구 역삼가 661-62,예준오마을,061-273-5195,jiyeon58@example.net
한선영,34810,전라북도 보령시 테헤란거리 478 (은정이면),우진박최연립,019-396-4157,gyeongsug35@example.com
장영호,47416,충청북도 예산군 잠실로 382-18 (수빈이최면),병철이이타운 라동 784호,018-349-4886,hyeonugim@example.net
최영호,26934,대전광역시 노원구 양재천5길 지하910,준혁이연립,061-752-0924,jiyeono@example.com
김중수,02688,충청북도 증평군 백제고분644가 지하938 (영희남장읍),진호김김타운 M동 958호,070-9220-1451,gyeongsu52@example.com
홍현숙,22848,경상남도 천안시 동남구 학동1길 526-25,수진이박연립,043-337-8206,caeweoncoe@example.net
박민서,52196,강원도 고양시 일산동구 서초중앙거리 지하551 (정순홍김리),민준홍타운,010-3396-3188,jeongsigsong@example.net
김광수,23610,인천광역시 성동구 봉은사길 147,옥순나오아파트 N동 576호,016-443-9124,mgim@example.org
심민석,59069,대구광역시 마포구 도산대가 102-91,민재한아파트,054-088-7535,oyang@example.net
김성민,83605,서울특별시 강북구 서초대403거리 732 (민지황마을),지연박타운 791호,052-658-4071,nhwang@example.org
김도윤,55595,광주광역시 은평구 테헤란가 993-70 (민지윤서읍),영수김노타운 마동 416호,043-552-2338,bagsanghyeon@example.net
이재호,98298,전라남도 용인시 처인구 서초대길 지하321,아름박타운 856호,054-338-2894,nhan@example.org
허정수,39038,광주광역시 양천구 봉은사로 518,서윤차민빌라,053-233-3564,seunghyeonjang@example.net
황혜진,11757,강원도 안산시 압구정4길 193-35,현주성타운 59동 215호,019-892-7909,ngim@example.com
김진호,33386,경기도 홍천군 가락21가 415-37,윤서성최아파트 416호,019-851-3791,yujinjeong@example.com
양지후,32952,충청북도 구리시 영동대길 738-62,수빈남김아파트,052-693-9904,borami@example.com
양서연,99130,광주광역시 중랑구 영동대거리 350 (정식황읍),지영박빌라 라동 127호,016-851-8450,seonghobag@example.com
이예준,28207,경상북도 안양시 선릉로 535-74,영길김노빌라 439호,044-480-5215,bagjihun@example.org
김영환,20616,경상남도 광명시 서초대14로 403 (주원최손면),숙자송연립 774호,044-956-0366,bagyeongceol@example.net
진민석,61337,광주광역시 강서구 백제고분길 지하876,지훈문마을 U동 799호,010-4584-5536,coejunseo@example.com
류예진,72366,경상남도 홍성군 잠실882로 674 (정수심이면),영진김연립 D동 904호,02-4548-0050,gimyejin@example.net
장미정,00400,경기도 평택시 잠실004길 347,성수홍타워 154호,041-723-3650,sbae@example.org
이하은,87472,전라남도 구리시 논현길 965,민석김타워 511호,055-873-3646,myeongja86@example.org
이지혜,81135,부산광역시 구로구 석촌호수길 319-84,정훈김권아파트 621호,010-0051-1074,bagjeongnam@example.org
서진호,51083,충청북도 안성시 테헤란가 450 (현지송동),시우박타워 199호,064-786-4803,yujinhong@example.com
배건우,45769,인천광역시 종로구 삼성778가 663 (지현강동),영희이오타운 D동 143호,016-279-2960,ggweon@example.net
손상훈,21439,제주특별자치도 양주시 가락거리 311-36,지혜윤최연립 833호,02-8781-9149,xi@example.org
김지은,48429,경상북도 의왕시 오금거리 지하218,지은남심아파트 739호,011-892-7568,areumgim@example.org
백정호,00823,대구광역시 용산구 백제고분거리 649 (준서최리),예은최타운,051-829-5675,seongmin44@example.com
노하은,43491,서울특별시 종로구 도산대200가 912,정남최김마을 821호,053-511-2774,jia62@example.com
김지민,03101,대전광역시 서구 강남대221로 502,하은윤빌라 377호,016-483-9977,yeongil88@example.org
차수진,83816,서울특별시 양천구 오금25가 570 (영호김이리),민지이윤연립 128호,062-229-8424,geonu20@example.org
허옥자,85013,경기도 영동군 압구정길 374 (상현김지리),정웅고엄타운 308호,017-156-6583,jeongsu84@example.org
박승현,13602,경상남도 삼척시 서초대418로 170,은영안빌라 마동 286호,055-216-6046,gimareum@example.net
오영환,53217,광주광역시 도봉구 반포대길 859-32,서영안마을,018-436-6327,geonu40@example.com
배준혁,65310,경상남도 고양시 일산서구 개포4거리 210-77 (도현송박읍),하은최마을,031-284-3212,miyeong98@example.com
박옥자,05841,제주특별자치도 삼척시 오금길 926 (은경김읍),미숙이이빌라 P동 441호,064-741-1185,nbag@example.org
김정희,45180,경상북도 청양군 압구정91로 362-38,성호이김아파트,064-734-5493,ijunyeong@example.com
강경숙,05718,전라북도 안산시 상록구 오금로 지하821 (건우장동),지훈김김타워,016-380-7781,jeonghyi39@example.net
조서윤,52693,부산광역시 마포구 도산대길 지하773 (영호이조면),지원오타워 N동 539호,062-470-8220,hanhyeonsug@example.net
구상현,15037,경상북도 용인시 기흥구 삼성로 410-5 (우진허마을),보람남김아파트 나동 746호,041-684-6087,jihye97@example.org
김미숙,91411,광주광역시 노원구 서초중앙788길 171,지훈한타워,044-494-9516,hyeonjeongi@example.net
권채원,74224,전라북도 시흥시 테헤란55가 948-46,정식박아파트,064-795-0761,gimmisug@example.net
김미영,93912,대전광역시 강북구 강남대416길 지하833,아름박오타워,051-108-5383,gimhyejin@example.org
이혜진,14568,전라남도 정선군 봉은사597거리 902,예준박윤연립 E동 363호,041-354-0961,sonjunhyeog@example.org
김진호,79628,충청남도 부천시 오정구 학동로 74-34 (예준이김리),영순최빌라,032-206-3948,si@example.com
이예준,39722,강원도 가평군 봉은사로 988,지민김아파트 M동 783호,054-061-2330,tseo@example.net
이주원,79138,충청북도 용인시 수지구 잠실38가 913 (예준윤전읍),정훈이최연립 E동 842호,051-283-7281,jeonghyi10@example.org
이은주,76107,서울특별시 종로구 잠실길 141,순자나연립,016-974-8733,yangjunho@example.com
이경자,18217,서울특별시 도봉구 잠실76길 942-59,윤서박아파트 나동 172호,017-302-5299,wi@example.org
이아름,57141,인천광역시 노원구 석촌호수가 242-51 (성현박리),준호백장타운 Y동 150호,042-082-3112,mjeong@example.com
서서준,05185,경기도 하남시 서초대614가 770,순자안김빌라 492호,016-687-7933,hi@example.org
이지연,79557,충청북도 양주시 잠실97거리 742-75,순자윤김타운,02-8818-6521,gimjihye@example.net
이미정,55533,대구광역시 남구 논현450길 641-59,영수박류빌라 K동 144호,070-2348-0696,ryuseonyeong@example.net
김채원,46948,광주광역시 강동구 언주5로 650,도윤강장타워 바동 274호,02-8319-4009,songjeongung@example.org
이은서,97136,서울특별시 동대문구 서초대가 지하566,미경조연립 870호,062-921-4353,jangmyeongja@example.org
임시우,24588,강원도 보령시 서초대536길 910-78,중수박전연립 529호,041-465-6547,seonghungim@example.org
김하윤,89007,강원도 가평군 개포8로 375 (정훈곽읍),유진김엄마을,042-086-6783,syu@example.com
이준혁,44178,부산광역시 도봉구 선릉거리 398-32 (미영구서마을),중수박유마을 121호,043-396-0410,hgim@example.com
이지훈,52312,전라남도 서천군 백제고분296가 932-77 (예은장리),현숙나빌라,052-849-0229,jeongsig54@example.com
김상철,53798,전라남도 인제군 논현0길 112-31 (영환최동),정남박타워 749호,063-160-5504,qgang@example.com
이영호,02595,전라북도 단양군 서초대길 356 (미숙김박리),종수한타운,054-106-8054,hwangjeongnam@example.org
김상호,23017,서울특별시 마포구 양재천거리 744,준서김강타워 P동 308호,070-0069-4470,subin96@example.net
김서준,29095,대전광역시 중구 도산대거리 842 (경희이읍),예지배우아파트,018-727-3205,ngang@example.net
이현지,86990,전라북도 용인시 처인구 개포00길 877 (상철임오동),지아박최타운,052-138-7936,gyeongsuggim@example.org
홍승현,32077,광주광역시 성북구 강남대로 255-5 (지영이리),민준정박마을 Q동 248호,062-883-6576,yeonggil85@example.org
김경수,77159,경기도 오산시 잠실669거리 지하265,미정조안타운,031-373-8491,seongsu33@example.net
성진우,30163,대전광역시 관악구 언주거리 64-89 (보람안마을),준호배문아파트,044-438-9485,ecoe@example.com
박정호,54200,부산광역시 구로구 개포로 128-75,수빈류아파트 208호,055-668-6651,eunjigang@example.net
윤승현,38284,제주특별자치도 서산시 학동가 887-96,미영한임빌라 마동 617호,063-181-8488,minjuncoe@example.net
이경수,21039,경기도 용인시 처인구 논현32가 862,수진김엄타워,051-926-5997,jjang@example.org
남광수,27444,서울특별시 중랑구 개포114로 5-94 (은지윤동),은지김차타운 X동 244호,070-5465-3448,wjeong@example.com
김정웅,26731,서울특별시 서구 서초대3가 94-71 (수민이주면),재호이박타워 976호,043-208-9704,eunjugim@example.org
김영미,78779,광주광역시 송파구 개포346가 242,진호주최타워,063-275-6817,yeongceolu@example.org
이수빈,46675,세종특별자치시 서구 석촌호수479길 883,지현이이아파트 H동 364호,033-515-6442,sanghun91@example.net
서성호,57850,전라북도 영동군 테헤란길 237-68,미정이아파트,016-821-1746,hyeonugim@example.net
최정자,69993,광주광역시 마포구 선릉거리 지하75 (건우김동),광수박마을,055-136-9188,iyejun@example.org
김상훈,19716,경상북도 계룡시 오금022가 273-81,영수이빌라 K동 856호,051-457-9303,iyeongsug@example.net
이정훈,38868,강원도 성남시 중원구 학동가 680 (명자김동),영수김연립 U동 211호,043-729-3199,uu@example.org
류서윤,43435,경기도 괴산군 논현66거리 905,성수황양타워,016-401-2744,tsong@example.net
김지영,49508,인천광역시 은평구 양재천가 117-8,영진고성빌라,033-502-4316,caeweon32@example.com
이예은,45164,전라남도 부천시 소사구 오금273가 924-22,미경김마을 065호,052-741-1949,iseohyeon@example.net
류지원,39578,대구광역시 남구 영동대39가 451-33,경숙한마을,044-676-4603,yeongilju@example.com
이정희,14481,세종특별자치시 송파구 영동대42길 55 (정남박최면),상호유전타운 O동 016호,062-695-7950,ei@example.com
최명자,75596,경기도 성남시 중원구 반포대가 633-74,서영배아파트 825호,062-426-2359,hgim@example.net
이미경,13711,경기도 괴산군 봉은사거리 438-3 (영호김최면),영일최황타워 E동 798호,061-770-1979,rcoe@example.net
문현지,73973,충청북도 고성군 테헤란302로 411,민석심고아파트,062-596-5693,junyeongyang@example.com
이준혁,38166,대전광역시 도봉구 양재천길 717 (은주김최리),영수임김연립 J동 934호,054-971-1259,lson@example.com
홍서준,18730,경상북도 아산시 논현1가 794,은서김연립,053-653-9547,jim@example.com
홍영진,99357,인천광역시 송파구 잠실거리 504 (하윤김최마을),병철김타운,044-278-2255,seonghogim@example.com
권수진,93230,전라남도 청양군 서초중앙길 396 (예은김마을),재호나김빌라 637호,016-862-5017,junhogim@example.com
이영식,61735,강원도 용인시 수지구 테헤란가 909-90 (준호이김마을),혜진류조빌라,010-5840-1894,songdoyun@example.com
김영순,40503,제주특별자치도 평택시 영동대로 123 (순자김리),영미강연립,041-563-6088,ksong@example.org
최성수,48299,전라남도 이천시 봉은사26로 383,상철조장빌라,070-3422-4254,dna@example.net
강진우,67919,대전광역시 금천구 영동대654로 445,혜진이타운 V동 800호,033-959-5875,iseongmin@example.com
김승현,84671,부산광역시 서대문구 백제고분41거리 104-24 (우진김리),은영임타운,02-4006-4697,xmun@example.net
최건우,92899,부산광역시 서구 잠실9거리 93-47,수민구김타워,041-381-1461,ti@example.net
정혜진,37745,부산광역시 동대문구 역삼로 670,미경오타운 088호,042-627-5961,dhan@example.com
문숙자,84415,인천광역시 중구 학동418길 557,진우김아파트,061-353-3858,yejun53@example.org
김서연,58569,부산광역시 남구 테헤란437로 463 (명숙장박동),재호주김타워 294호,063-002-9666,munjihyeon@example.com
양혜진,14520,울산광역시 도봉구 잠실97로 629,정순강타운 024호,043-565-1828,seoyeong82@example.net
박영환,91842,제주특별자치도 과천시 학동03거리 749-45,지은김마을 684호,061-753-3700,tyang@example.com
고성현,33122,경기도 고성군 가락38거리 49-45 (광수진리),민준김남빌라 Y동 770호,051-651-0537,fgim@example.org
남준영,45764,세종특별자치시 종로구 영동대가 지하833 (예진박김동),은정박김아파트,054-207-6813,haeun40@example.com
오은경,57613,인천광역시 종로구 테헤란가 49,정웅송타워 264호,052-026-2541,jihyeonyun@example.net
김수진,11188,세종특별자치시 북구 봉은사거리 348,수민김연립,02-7563-3603,junseo31@example.com
이서연,44417,울산광역시 강남구 영동대가 918-87,서영조박타운,042-860-0181,sugja99@example.net
한지후,73539,광주광역시 서구 오금88가 535-3,성훈류김타운 356호,070-7953-9427,hyeonju96@example.com
류영식,08800,충청남도 증평군 도산대로 지하671,지우최박연립 R동 188호,055-002-4429,ryuyeeun@example.net
장도윤,35766,세종특별자치시 강동구 영동대50길 83 (경숙김리),채원이타운 548호,061-647-2025,yeonghojang@example.com
박정식,57579,강원도 성남시 분당구 테헤란71로 724 (성수류마을),민재박윤타운 K동 837호,055-695-6493,yejini@example.net
장건우,08632,대전광역시 마포구 양재천로 128 (지훈황이마을),수민장김연립 G동 586호,02-3417-5679,haeun74@example.net
이정수,78238,전라북도 천안시 동남구 논현1가 649-2 (시우김김리),지후장오마을 484호,061-129-0628,gyeonghyigang@example.org
최영진,92221,인천광역시 동구 서초대6가 774 (지우김윤면),정희김마을 756호,010-3449-2312,eunjii@example.com
한현지,64409,경상북도 포천시 가락거리 121,채원김연립 021호,070-5935-6934,gimjongsu@example.net
김승현,16950,세종특별자치시 동대문구 잠실길 543-93,예원김타운,054-710-9147,bagjunho@example.com
하영길,62059,제주특별자치도 성남시 중원구 석촌호수22길 710 (서준김박마을),상현박손타운 I동 017호,016-287-0751,bson@example.net
최광수,89100,울산광역시 송파구 영동대38가 610-51,현주장연립 S동 012호,016-477-5463,qyun@example.com
백건우,14137,인천광역시 관악구 봉은사6거리 549 (진우안리),미정이타운 G동 065호,055-561-5120,zgang@example.com
최경희,73238,충청남도 양양군 논현가 39-73,경숙윤아파트,011-055-7892,idonghyeon@example.org
안경자,22702,전라남도 이천시 봉은사8길 701 (은경권동),은경박빌라,062-288-8053,hongogsun@example.net
고승현,23328,경상남도 오산시 서초대가 550,현정김정마을 618호,016-509-9916,yeongsuggim@example.com
황지훈,07737,경상남도 속초시 가락거리 518 (현준장면),순자김아파트,010-3240-2744,coeeunseo@example.net
이진우,92371,세종특별자치시 성북구 선릉길 680 (서윤이송마을),상철김류빌라 마동 114호,064-756-5541,seongjin02@example.com
김병철,72411,제주특별자치도 성남시 분당구 봉은사길 871-6 (영철황김동),예진이타운 B동 722호,055-572-7775,bim@example.org
김지연,45863,인천광역시 강동구 석촌호수로 957-15 (상현안배마을),서현최타운 036호,043-086-6993,junhohwang@example.com
이영호,76877,강원도 안산시 상록구 백제고분1길 39-11,서연김타워 895호,02-0650-2536,jimingo@example.net
박현지,51158,충청북도 성남시 중원구 석촌호수353거리 728,미정남빌라 Y동 011호,052-794-4264,yeongmigim@example.net
김은지,52218,대구광역시 성동구 도산대가 지하24 (성호최리),지연황이아파트 406호,055-376-1819,jihu25@example.org
김상호,31105,인천광역시 남구 서초중앙거리 23-11,영길신연립 W동 513호,041-886-9289,gwangsugim@example.net
윤현지,31396,전라북도 안양시 삼성133길 379 (승현박김면),예준허아파트 K동 388호,044-133-6869,yeongjabag@example.com
김현정,03663,대구광역시 광진구 강남대385길 261-76 (준영양김면),유진남연립 264호,064-795-1696,minji89@example.net
김명자,83770,경상북도 논산시 학동99가 182 (예진성박마을),성호김타워 679호,017-191-9957,gimjaehyeon@example.com
홍서준,32855,인천광역시 용산구 가락가 348 (예원박윤동),영숙이남연립 194호,044-481-6301,leom@example.com
배정식,87568,제주특별자치도 천안시 동남구 석촌호수로 766-71 (현숙차동),현우김타운 858호,061-312-3242,gimseongjin@example.com
김지후,61293,충청북도 춘천시 가락로 742,준혁배박빌라,052-156-9095,minjigweon@example.net
윤민서,76182,충청남도 부천시 삼성가 825 (미정김손면),하윤고최아파트 003호,054-167-2409,hi@example.org
김경숙,88322,대구광역시 서구 도산대72거리 304,동현이김타워 L동 090호,033-357-1064,hyeonju23@example.net
서민서,37641,서울특별시 은평구 양재천4거리 667-54,현주박마을,064-727-6128,myeongjasim@example.net
오은영,07150,제주특별자치도 하남시 잠실165로 830-1 (상호장주동),미정김김마을 K동 431호,017-309-7900,minjun85@example.org
김지연,72576,충청북도 안양시 강남대708로 지하352,지아장빌라 X동 882호,017-654-4158,jiunam@example.com
이수빈,14325,전라북도 평택시 백제고분가 762,진호손김아파트 006호,053-801-4246,onam@example.net
이지아,18939,인천광역시 용산구 영동대32거리 199 (정숙박리),영미박마을 387호,018-160-1984,gwangsui@example.com
김지우,01760,울산광역시 금천구 테헤란가 546 (채원류면),은영강연립 X동 590호,042-797-7418,ijaeho@example.net
이춘자,41666,인천광역시 용산구 백제고분9거리 869-83 (정순박박마을),상호박아파트 160호,064-747-5208,baegujin@example.net
강영길,38180,울산광역시 구로구 테헤란9가 28-34 (중수이면),진우류김타운 바동 605호,018-480-6352,jihyeoni@example.net
안종수,50496,제주특별자치도 제천시 테헤란1가 78-13,수진이백아파트 228호,010-5882-4616,zi@example.net
김도윤,92528,울산광역시 구로구 양재천3로 901-14 (선영장김동),지은이김아파트 I동 301호,061-514-6874,wgim@example.net
장진호,56099,대구광역시 마포구 서초대438길 87-32,지후김박타워 Z동 893호,052-870-7778,hgang@example.net
김진호,15207,광주광역시 중랑구 오금921거리 807-68,정수서박마을,054-489-4870,anyeweon@example.org
이상철,41432,세종특별자치시 강서구 잠실918가 93 (영일이리),은영김빌라,033-806-5664,ni@example.org
박서준,28367,제주특별자치도 서천군 잠실로 256-54,하윤장이타워,054-197-6700,bagjeongung@example.net
문미숙,59884,충청남도 남양주시 영동대92로 486,민석김안빌라 372호,053-296-6023,igim@example.net
윤성훈,16172,전라북도 정선군 영동대로 385-25,지아박타운 R동 182호,033-145-0016,vbag@example.net
박경희,65780,충청북도 천안시 동남구 언주1로 799-82 (상호박읍),보람이김마을 150호,062-608-4883,jeonghyibag@example.net
김채원,47676,인천광역시 성동구 논현로 662-72 (성호주최동),상철김아파트,043-008-0167,bryu@example.com
김예준,82279,충청남도 평창군 영동대길 228-7,채원김타워 685호,017-000-0776,ni@example.com
김수빈,57501,경상북도 양구군 삼성384거리 29 (정식김읍),옥순박김빌라,052-532-1384,jangsiu@example.org
오영숙,48527,인천광역시 관악구 서초중앙거리 51-58 (영진김마을),경희장박마을,053-107-3793,jcoe@example.com
김옥순,04283,대구광역시 동대문구 개포거리 지하482,서영장이빌라,070-9671-8247,fgim@example.org
박성민,70064,경기도 남양주시 백제고분7길 941,경수김마을,010-5312-1080,sgang@example.net
노영철,49428,경상북도 청주시 상당구 서초대로 179,명숙김빌라 I동 901호,055-221-0891,sgim@example.net
배지혜,40934,부산광역시 종로구 영동대로 948-43,영환서전빌라,031-057-9896,sunja50@example.com
박현준,59401,서울특별시 서초구 역삼가 694-55,예진김박아파트 I동 677호,033-313-4397,baghayun@example.org
정성진,16804,경기도 안산시 압구정길 937-43,민수성마을 306호,033-372-0808,ugim@example.org
안수빈,33440,대전광역시 북구 학동길 68-58 (승민이동),정희김타워 894호,044-019-4006,gimjinho@example.net
김은서,99225,충청북도 청양군 반포대길 지하711,성호한안타운 M동 208호,070-8148-2856,fi@example.org
심영식,10795,강원도 안양시 언주43로 809,지원이빌라 402호,051-735-8133,jeongsugcoe@example.com
윤지은,69898,경상남도 양구군 역삼19길 209-23,승민김한마을,031-697-5172,mbag@example.org
김보람,08249,경상북도 남양주시 선릉45길 117,현정주홍아파트 O동 198호,044-051-9132,oseoyeon@example.net
김재호,86493,울산광역시 종로구 서초대321거리 536,정순김김마을 나동 241호,055-688-1852,jaehyeon22@example.net
박예준,68417,경상북도 성남시 언주3가 687-93,도윤김타워,02-2471-5076,yujinna@example.net
안중수,61822,대구광역시 강동구 역삼거리 413-59,상현한이마을 609호,011-812-0362,ubag@example.org
남정훈,06696,대전광역시 성동구 언주3거리 452-63 (미정이최마을),혜진박마을 946호,051-985-1267,yeonghwan31@example.org
문성현,00509,충청북도 옥천군 역삼78길 941-83 (미경김이마을),영진김타워,055-907-6357,oyeongjin@example.com
이민재,53476,경상북도 강릉시 테헤란길 지하40,예진김연립 C동 988호,053-278-1962,subini@example.net
김지훈,83854,전라남도 청주시 흥덕구 반포대676거리 지하795 (준호이김읍),준서홍김연립,017-027-7072,hayun22@example.com
김지아,73654,세종특별자치시 남구 석촌호수25거리 505 (서현성동),영길황타운 186호,016-998-0147,seoyunmun@example.org
권준호,26594,부산광역시 서초구 압구정로 426-92 (영순강김리),영식안빌라,031-483-9566,tim@example.net
김지영,54727,서울특별시 성동구 언주거리 563-67,건우윤손타운 T동 237호,055-365-2215,gimyeweon@example.com
강주원,82911,경기도 청양군 논현265거리 492,현지안이아파트 바동 404호,010-0141-8062,seongmin33@example.org
서지은,12463,경기도 횡성군 역삼38가 44 (영길김조마을),민석주타워,043-328-8446,yeongceolsim@example.org
한동현,92837,전라남도 성남시 수정구 테헤란길 257-16,도윤이윤타워 012호,016-238-9937,jangjihyeon@example.org
최영숙,71696,서울특별시 중랑구 가락길 681-29,서현이김마을,041-890-1087,ui@example.com
손중수,37968,경기도 청양군 서초중앙길 지하547,정남박박빌라 L동 346호,010-7175-9744,yeweonbag@example.net
박미정,39711,강원도 안산시 상록구 테헤란339가 324,정자이타워,063-081-3401,iminseo@example.com
백미숙,67867,경기도 태백시 영동대가 575-19,은서김강연립 132호,070-0738-4421,sonseunghyeon@example.com
오수빈,75881,제주특별자치도 태백시 언주길 617,영숙이타워,017-977-8274,yeongsugang@example.org
안영길,03029,경기도 안양시 만안구 서초중앙47가 164,민석한김연립,032-307-3366,seohyeon65@example.net
김현주,20962,대구광역시 종로구 압구정가 272 (혜진권오리),미영강타워,032-472-6020,him@example.com
김준서,85866,울산광역시 송파구 도산대7가 90,현준송서타운 다동 260호,016-042-1527,hyeonjeong90@example.net
황주원,98059,세종특별자치시 강남구 논현길 340-46,서준이이빌라 137호,055-035-1726,yeongilbag@example.org
최진우,26150,제주특별자치도 파주시 양재천거리 850-33,하윤박배빌라,063-976-3113,geonu59@example.net
이서준,93913,대구광역시 서대문구 역삼93가 지하961,지민김타운 Z동 478호,02-2089-0946,xno@example.net
윤지후,25374,충청북도 안성시 서초대길 800-69 (명자이오리),선영신이타워,051-813-7718,qgim@example.net
이하은,08060,대구광역시 종로구 잠실로 720,예준안황빌라 J동 694호,031-365-5885,sugja82@example.com
서지민,63160,울산광역시 관악구 봉은사로 528-4 (현정이오읍),순옥임이타워 479호,02-6170-9966,seonghobag@example.com
권중수,64367,광주광역시 성북구 백제고분5가 지하534 (도윤박동),서윤이빌라,051-428-7301,ngim@example.com
박지훈,33893,세종특별자치시 종로구 학동가 128,준영이최마을 842호,031-569-6029,bagseongjin@example.org
김지훈,44145,광주광역시 동작구 강남대거리 58 (진호지면),상현박노빌라,043-826-9955,minseoggweon@example.net
김지훈,98148,전라북도 청주시 청원구 영동대거리 761-35,지민이김마을 L동 633호,010-6947-9248,gimmyeongja@example.com
안현주,98775,전라북도 부천시 오정구 역삼거리 지하868 (현준송동),미경강타워 R동 296호,061-100-3362,ihyeonsug@example.com
윤춘자,66939,충청북도 옥천군 서초대3로 707 (정희김동),도윤양아파트 330호,062-354-9971,iyeongmi@example.net
이서현,57718,인천광역시 서구 양재천6로 33 (영일박장읍),지민김김빌라,011-777-5160,pgim@example.com
오정호,43868,충청남도 화성시 석촌호수50길 921-42 (현숙김이마을),서현성연립 O동 903호,010-9368-4309,jihye68@example.org
허지우,81236,부산광역시 구로구 논현2거리 819-60 (예진강마을),영순안김타워 Q동 179호,064-710-0504,seoyeon67@example.com
김시우,14919,광주광역시 강서구 삼성로 지하16,진우성타워 640호,044-791-2561,hyeonjeongi@example.net
김영길,25040,제주특별자치도 계룡시 선릉64로 381,재호송빌라,016-953-1105,gimeungyeong@example.com
박정훈,94215,전라북도 시흥시 잠실067로 411-84 (영길윤면),현숙최이아파트 914호,062-106-7976,fsong@example.com
김정남,43389,광주광역시 은평구 봉은사가 723 (영희김동),채원이남타운 184호,016-033-9670,yeongsugbag@example.com
안영길,48318,경상북도 고양시 일산동구 강남대08거리 870-77 (진우박마을),은서장마을 I동 478호,064-743-2361,yeonghyi51@example.net
최지원,47123,전라북도 천안시 동남구 백제고분306가 338,순옥최연립,054-304-0589,gimgyeongsug@example.net
백도윤,72335,제주특별자치도 이천시 언주로 701-45 (민재이면),영호류연립 J동 660호,061-868-6455,eunyeongsong@example.net
김아름,19855,전라남도 영동군 테헤란0거리 459 (종수장박읍),경희김아파트,031-565-5754,jeongsug40@example.org
한성진,37851,대전광역시 관악구 개포5거리 497 (영순김김면),윤서이빌라,042-831-2725,gwangsugim@example.com
차정순,41929,대구광역시 남구 언주4길 지하494 (지훈진면),예원최타운 433호,044-871-6505,sanghun35@example.org
류춘자,78008,대전광역시 중랑구 백제고분87가 677 (정자최박읍),예준이이빌라 473호,016-334-4087,areumi@example.org
최정남,43760,경상북도 양구군 서초중앙거리 982,민석박마을,051-500-5039,iminjae@example.net
김경수,00853,부산광역시 마포구 백제고분가 419,은정허연립,061-080-3921,hyeonjunhan@example.com
박지아,61148,충청북도 남양주시 개포4로 704,광수윤이아파트,033-581-7806,subin05@example.net
이미경,23415,전라북도 화성시 반포대571로 501 (재호김리),정남이연립 H동 777호,031-540-0538,yangjaeho@example.net
이민지,88353,충청남도 청주시 서원구 오금774로 74,우진박빌라 G동 545호,02-0888-6192,misug02@example.net
이준서,54049,대전광역시 용산구 압구정7길 952-29 (옥순류이읍),미정노이빌라,062-851-4277,seungminryu@example.com
구광수,21516,경상북도 안양시 만안구 반포대61길 444 (준호김박면),은정배윤타운 I동 619호,031-018-7734,iseunghyeon@example.org
구현숙,63369,경기도 홍성군 강남대714로 370 (지아김황읍),서현오이타운,070-2987-2517,xan@example.com
구은정,43439,제주특별자치도 철원군 잠실거리 955,현숙임안타운,011-937-6666,jungsuha@example.org
김준혁,60995,경기도 부여군 봉은사로 736 (준영이읍),준혁권연립 R동 918호,043-855-6781,jungsu41@example.com
장예진,15174,충청남도 양주시 삼성가 453,지현백아파트 612호,019-962-6890,imigyeong@example.com
이준혁,01520,대구광역시 동작구 강남대가 37,상현박빌라 K동 200호,051-503-2455,jeonghuncoe@example.net
고민서,87322,충청남도 청주시 서원구 반포대가 174 (준호김박면),상훈김박빌라,055-942-4223,imyeongsug@example.net
손보람,58417,강원도 태안군 개포1가 130-88,준호박김타워 482호,063-641-1898,zbag@example.org
김상현,17298,강원도 괴산군 백제고분664거리 706 (정웅김김동),영미문타워 Z동 690호,011-580-6017,yeji63@example.net
김순자,08655,부산광역시 성동구 언주17거리 184-8,준호서황연립 959호,041-169-6689,junyeong76@example.net
양미숙,60880,대구광역시 중랑구 도산대8로 103 (영식박동),유진김한연립 I동 740호,044-758-4072,hyeonju15@example.com
박은영,96403,광주광역시 노원구 백제고분18가 318,우진김연립,041-443-5437,ijongsu@example.com
이영수,10410,부산광역시 서구 테헤란322가 151 (지연곽김동),중수박빌라 나동 005호,042-760-6956,kgang@example.com
김춘자,32677,부산광역시 서대문구 가락길 67,정희윤마을 321호,042-541-1731,jeonghogim@example.org
진정수,29874,서울특별시 구로구 역삼가 96-93,병철윤김타워 V동 805호,019-083-1082,boramhong@example.com
김지연,96682,광주광역시 은평구 백제고분9가 957 (예준이최리),수빈이빌라 740호,064-796-2957,fgu@example.org
김준영,53966,세종특별자치시 강서구 오금776로 76,중수김아파트,031-306-0326,gbag@example.org
김준영,25015,부산광역시 영등포구 잠실79거리 350-64 (지연이마을),도현장타운 T동 759호,042-964-4144,rgim@example.com
박서준,31018,경기도 안양시 만안구 오금가 743-45,예은박아파트 41동 153호,016-434-4827,iyujin@example.com
성병철,81915,전라북도 성남시 언주가 2,하은김타운,053-874-4158,agim@example.com
이경숙,48698,경기도 안산시 상록구 학동21로 868-52,경자류아파트,017-942-1616,coegyeonghyi@example.org
고준영,58451,경기도 청주시 상당구 영동대3길 210,미정박타워 P동 113호,031-407-8579,myeongjabag@example.com
박서현,02270,경기도 횡성군 학동142로 303 (민지류이마을),지원김박타운,02-1782-0971,minsugim@example.com
김지원,15951,경상북도 홍성군 역삼283가 13-3,건우이이빌라 D동 310호,031-940-3416,sunja22@example.net
진재호,49740,전라남도 구리시 도산대가 599 (상현신류마을),은지이연립 899호,032-448-1125,gimjia@example.com
민옥자,32402,충청북도 구리시 석촌호수449거리 354,민석김마을,063-774-0974,hgim@example.org
김영미,46716,대전광역시 영등포구 영동대가 23-15,도현이연립 092호,062-625-5303,byeongceol72@example.com
임현지,60332,경상북도 이천시 선릉길 지하150 (광수류김면),미정구박연립,010-2476-1986,cbag@example.org
이수민,99745,인천광역시 강서구 역삼603가 741,상철문김타워 S동 151호,011-298-0048,jiaha@example.org
문진우,28775,충청북도 부천시 원미구 개포39로 336-64,옥순최장타워 576호,055-676-5456,eunjeong45@example.net
황은정,18128,전라북도 평택시 학동길 502-67 (준서김리),민수장타운,053-683-1037,geonu17@example.net
전광수,37016,대전광역시 강남구 선릉길 448-87,수민김홍타운 D동 616호,042-549-5911,dohyeongim@example.net
이미경,98841,서울특별시 노원구 잠실가 657-37 (경희권김마을),진우김박빌라 J동 463호,044-656-3804,nasangho@example.net
송준서,30480,전라남도 부천시 양재천6가 362-32,영환안윤연립 O동 257호,017-916-5913,juweon38@example.com
윤종수,85817,전라북도 동해시 역삼98가 지하598,예원박아파트,053-940-2697,jeongja78@example.net
권정자,01556,세종특별자치시 서초구 오금4길 76,준호김아파트 N동 541호,018-417-4882,gimyeji@example.org
류정순,42998,울산광역시 서대문구 오금71거리 109 (정숙손동),성현이허연립,02-3403-5539,di@example.com
이준서,05621,충청북도 단양군 오금로 97-23 (상현심김마을),도윤김빌라,051-453-4857,ggim@example.com
박정호,06868,제주특별자치도 영월군 개포가 627,성민최타운 마동 774호,042-391-4744,ibag@example.com
김영수,76777,전라남도 동두천시 백제고분로 466,현정김홍타워 293호,053-329-8125,hwangsiu@example.com
김순자,02541,광주광역시 강북구 역삼115거리 708,성호권김타운,041-150-7408,yyun@example.org
구성민,42290,전라남도 가평군 강남대648거리 499,영환김연립 753호,070-7687-6429,hwangareum@example.org
황재호,32026,충청북도 아산시 오금가 310 (준서윤한마을),민준이아파트 285호,02-6779-3251,yeongsugim@example.org
서예진,95340,광주광역시 금천구 언주길 478-60,명숙김연립,02-3317-5458,jiweon72@example.com
김은영,31797,대구광역시 남구 도산대가 349-64 (수빈유박면),경희강타운,041-407-9408,byeongceol70@example.org
안준혁,83342,세종특별자치시 송파구 서초대가 71 (춘자이동),상철노아파트,062-831-2418,ojieun@example.com
이수빈,14894,경기도 수원시 권선구 강남대692길 861 (영수김면),성호류아파트,054-217-3647,siubag@example.org
송성민,17620,서울특별시 서대문구 테헤란가 225 (민준이양면),영식홍김연립 824호,055-454-5004,seojiyeon@example.com
오영환,06353,경상남도 용인시 기흥구 개포008길 746 (성민김김마을),동현박마을 W동 123호,042-036-5937,bagjeongsig@example.com
양광수,63231,서울특별시 중랑구 양재천로 지하209 (혜진이면),지은우빌라 983호,02-7564-4842,eunyeonggim@example.net
박수진,99191,충청북도 옥천군 도산대거리 940-83 (춘자박읍),광수김이타워 457호,042-331-4288,minjunhwang@example.com
엄진호,69717,전라북도 청주시 서원구 반포대거리 지하717,현주엄빌라 235동 748호,051-466-2493,gyeongsug47@example.net
이동현,05582,광주광역시 노원구 강남대거리 134-31 (미영권지동),경숙김김연립,064-787-8067,sugja49@example.net
이경자,26503,강원도 옥천군 역삼거리 457,서준한김아파트,018-751-3456,jeonseoyeong@example.com
김병철,26501,전라북도 안양시 압구정로 376 (민준이면),현지백김연립 X동 821호,042-479-1568,ri@example.com
김민재,84106,대전광역시 성북구 학동421로 585-2,지민오이마을,052-359-0084,hyeonji37@example.org
김아름,33848,대전광역시 도봉구 테헤란거리 382 (보람장서마을),민석김타운 마동 109호,031-353-5077,gimjeonghun@example.org
이진호,81261,제주특별자치도 가평군 영동대65가 829,영순김김마을 271호,042-829-4746,junseojang@example.org
이현정,61899,세종특별자치시 노원구 가락263로 801-59,미정김마을,044-370-4555,gangdohyeon@example.org
윤순자,36743,전라북도 수원시 언주2가 721 (수진김이면),하윤이김타운 757호,062-740-4463,sangceoli@example.org
김시우,95595,인천광역시 마포구 봉은사길 365-68,아름최아파트,032-354-0235,jiyeoni@example.org
손정훈,29007,경상북도 평택시 도산대2거리 270-87 (영자김면),영길민권마을 005호,02-9465-8498,jeongsun37@example.net
강은영,85334,세종특별자치시 남구 반포대로 115 (영수남면),수민권김타운 611호,018-000-6366,coejimin@example.net
김지연,58929,경기도 성남시 서초중앙19가 505-74 (성훈김최마을),재호강김마을 524호,018-615-3910,rjang@example.net
황지연,31641,광주광역시 북구 학동552거리 303 (영희고주리),하은백연립 530호,063-647-9545,jeonghunjin@example.net
하영식,43661,세종특별자치시 관악구 서초대길 753-15 (미영김읍),지우김빌라 431호,051-086-1203,jihyeon36@example.com
남영식,71061,전라남도 용인시 수지구 삼성길 394-51,병철안김아파트 바동 951호,064-787-8701,ci@example.net
최민지,32976,경상남도 고양시 일산동구 서초중앙가 175-88,정수고아파트,031-818-2399,fgim@example.net
엄상현,94551,경상북도 청양군 테헤란길 615,예은이최타워 R동 454호,032-152-8346,jeongnam35@example.org
고정식,25149,제주특별자치도 수원시 팔달구 양재천길 729-69,정웅서연립,054-528-8398,jgim@example.org
김정식,88846,경기도 용인시 처인구 언주2거리 816,순자김빌라 071호,010-5152-8347,yunminjun@example.com
강경숙,45432,충청남도 용인시 석촌호수가 36-16,영희박마을 634호,053-846-9250,ei@example.com
김도윤,60809,전라남도 계룡시 잠실거리 62-58 (정남남마을),지영김연립,070-8883-6015,asim@example.com
이영철,70690,인천광역시 강북구 석촌호수2거리 558 (정남박마을),정식문이빌라,062-862-5966,yeongsugjang@example.net
김동현,86051,충청남도 태백시 반포대6가 400,지원김김타운 600호,054-265-9122,ygim@example.org
강영미,20792,서울특별시 마포구 개포92거리 517,현정나장연립 574호,063-134-0778,ai@example.net
김명숙,40010,경기도 예산군 압구정63로 945,병철장타운 399호,063-973-7024,haeun02@example.com
오영수,89239,경상북도 하남시 테헤란가 817,지혜송타워,062-261-0324,vbag@example.net
김시우,51177,제주특별자치도 평택시 서초대거리 749-11 (정남허윤리),정웅김류빌라,062-178-6847,kgweon@example.com
이은지,69213,경상북도 삼척시 석촌호수7길 731,영철권마을 054호,017-792-4104,gimminseo@example.com
이동현,15884,부산광역시 용산구 잠실2길 382-76 (미숙김이동),성현박류빌라 P동 902호,02-3511-8905,ogsun98@example.net
김예원,44053,울산광역시 송파구 잠실834로 968 (지민홍우읍),경숙김양빌라 521호,051-133-8155,ijeongung@example.com
서상현,42316,울산광역시 용산구 반포대가 726 (수빈이권면),상훈김연립 마동 481호,070-8321-1696,lyu@example.net
류하은,35008,대전광역시 동작구 언주로 52,은경최백타워,019-685-4812,si@example.com
박하은,49967,인천광역시 성북구 삼성가 지하692 (승현김마을),명자박오빌라 100호,064-736-0801,yeonghyigim@example.com
최서현,50255,대전광역시 동작구 영동대19가 지하845 (은주이김면),지후윤타운 G동 215호,052-342-3900,iyeongceol@example.com
고재호,39712,제주특별자치도 홍성군 봉은사0거리 839,경숙이이타워 K동 567호,011-428-0654,aan@example.com
문예은,41849,경기도 부천시 선릉길 971 (은주박마을),지훈김이아파트,017-101-6907,boram08@example.org
박현지,52199,부산광역시 영등포구 도산대74로 350,수진김이아파트,053-598-6136,anyeonghyi@example.net
김영진,33876,광주광역시 동작구 반포대거리 920,정웅이문타워 659호,061-088-9301,gweonjeongsig@example.net
김성민,97819,전라남도 광주시 서초중앙701길 466-32 (영진이동),현지전서연립,031-775-2077,dohyeonsim@example.org
이진우,02889,서울특별시 도봉구 서초중앙길 379-47,영철김타운 95동 045호,051-705-2905,sujinsong@example.net
이진호,47588,부산광역시 동대문구 백제고분16거리 지하732 (정식이류읍),은지김연립,011-956-1981,songyeongjin@example.org
김수민,47470,제주특별자치도 용인시 수지구 삼성로 540-77 (지민이마을),병철최아파트 V동 513호,055-102-5395,hanmyeongsug@example.com
김보람,49542,전라북도 오산시 역삼03거리 387 (영수김리),지현박타워 110호,033-319-5389,sanghogim@example.com
차도현,57879,대구광역시 노원구 오금거리 101-84,영희박박연립,054-646-5643,ngwag@example.org
이성민,67945,충청북도 단양군 논현거리 968-77 (병철이김동),성민김타워,031-015-6506,myeongja42@example.org
이옥순,83212,전라북도 성남시 수정구 언주로 726,준호박마을,016-250-7070,mson@example.org
이영자,74515,경상남도 오산시 선릉3로 364 (옥순김면),민지이박타워,041-445-8492,minsuyun@example.org
문혜진,13074,서울특별시 관악구 테헤란55로 지하634,건우박이빌라 488호,019-627-3333,seonghoi@example.org
김진우,10692,울산광역시 금천구 서초대563로 724,현주최윤연립 992호,019-603-4605,gimjiu@example.com
송민서,42415,제주특별자치도 삼척시 삼성거리 242-96,정자김빌라,053-150-2150,yejin34@example.org
강영환,87409,세종특별자치시 도봉구 반포대14길 681-95,미정김빌라 U동 904호,062-272-6045,jhong@example.net
박동현,30519,경상북도 금산군 언주가 112-37 (성호최이동),지혜홍이빌라 M동 169호,043-932-2908,zgweon@example.org
박성수,33012,서울특별시 중랑구 삼성길 486,지현진빌라,016-273-7766,hyeonjio@example.net
박명숙,86865,경기도 홍천군 영동대6길 189 (현우오김리),정호김김아파트 M동 962호,061-289-0358,seohyeon06@example.net
황준영,03714,충청남도 수원시 팔달구 학동1거리 483,명숙최빌라 L동 560호,044-174-0542,ti@example.com
차영수,60451,충청북도 안산시 봉은사길 885-79 (영일송김읍),춘자이연립 마동 748호,042-933-0299,gimjieun@example.net
류지민,12631,인천광역시 영등포구 강남대길 918-40,민준김아파트 M동 909호,018-751-9352,vbag@example.net
이경수,20996,울산광역시 용산구 논현15가 499-61,성현안아파트 217호,019-635-6192,sonhyeonsug@example.com
최병철,35710,충청남도 보령시 선릉로 590 (예준하안동),영희강타운,064-764-0090,sangho52@example.com
이도윤,37804,부산광역시 강북구 역삼길 390,준혁김타워 O동 666호,033-085-9369,nodonghyeon@example.net
이은정,31420,제주특별자치도 태안군 삼성785로 18,현정이마을 J동 256호,054-308-8491,ihong@example.net
곽명숙,10226,부산광역시 양천구 언주686가 244,지연윤타워,011-776-6042,seonghunjo@example.com
박준호,01594,울산광역시 영등포구 역삼길 지하941 (명숙박면),은주이빌라 L동 702호,017-369-4796,coehyejin@example.net
안하윤,84848,부산광역시 북구 영동대6길 115-97,수빈이류아파트 085호,044-298-4948,sujini@example.com
김지혜,55478,경기도 수원시 권선구 오금길 897-2,영환오타워 A동 697호,010-2985-7754,fi@example.org
김영숙,17840,제주특별자치도 양평군 반포대거리 551-99,현준홍빌라,063-349-4329,bageunjeong@example.org
김진우,54574,경상북도 고양시 덕양구 영동대로 249-57,수빈장연립,070-8397-5407,hyeonju82@example.net
이경자,04450,세종특별자치시 구로구 삼성로 751 (서윤김이동),순자김연립 Z동 738호,063-647-4869,jiyeon11@example.org
김미경,41970,충청남도 수원시 장안구 서초대6거리 977,민재박이마을,017-330-5631,hyeonjeonggim@example.org
나현숙,69959,충청북도 안산시 삼성5가 585-69 (서준안박리),진우김심연립,02-2640-8974,zi@example.net
김준서,79736,광주광역시 성북구 선릉9거리 지하230,정자고이빌라,042-157-5390,dohyeon08@example.net
이영희,03331,강원도 양평군 논현길 943-88 (현우김이마을),상훈김김연립 K동 006호,061-101-0129,tgim@example.com
이은경,84662,충청남도 부여군 개포48가 지하559 (춘자김김마을),경희김오연립,063-026-9335,oi@example.com
이정훈,34910,대전광역시 강남구 삼성로 626,민재박류빌라 Y동 214호,043-617-5557,jeonghun87@example.net
박영식,78709,경상북도 동두천시 서초중앙722가 64-21,정수김이타워,02-0258-9792,sujin61@example.org
이정식,28087,제주특별자치도 삼척시 오금6길 822,은경김장타운 F동 330호,044-331-8792,coejeongsu@example.com
하은주,17463,경상남도 고양시 덕양구 삼성거리 861-57 (영일이황동),정숙이최타워 343호,051-989-2047,gimhyeonu@example.com
정미정,32078,서울특별시 구로구 개포로 803,승현이진아파트 066호,054-858-1208,jijeongsug@example.org
장영수,66448,울산광역시 중랑구 삼성684길 132 (영순배리),민재박아파트 792호,054-622-9372,yeonghwan26@example.net
홍지후,24725,대구광역시 서구 봉은사로 795,현준남연립 396호,041-329-2918,yejun37@example.net
장은지,81939,부산광역시 구로구 오금길 966-41,혜진박타워 482호,018-608-8255,ahan@example.org
이지아,17096,경상북도 화성시 개포가 871,은정배류마을 508호,041-167-2985,myeongjai@example.net
이성수,18803,경상남도 시흥시 학동길 813-77,미영이김빌라 605호,044-753-8970,gimjeongsun@example.com
박영미,39414,광주광역시 관악구 압구정45가 969-55,영희이타운 805동 788호,017-914-8582,dohyeon30@example.com
고유진,29004,충청북도 음성군 도산대가 525 (미숙이읍),선영김박타워,064-796-9554,jiweon70@example.org
권정호,68535,충청남도 연천군 개포8로 129,지원문타운 I동 808호,052-350-3882,icoe@example.org
양영미,03527,경상남도 태안군 테헤란거리 269-35,진우김연립 968호,016-367-8311,ihyejin@example.com
김춘자,45020,경기도 안양시 동안구 논현로 19,지원유연립 997호,032-890-2371,juweoni@example.net
권현준,01920,서울특별시 성동구 선릉4가 123 (중수장마을),지영김마을 나동 387호,02-9692-2115,gyeonghyigim@example.net
김영환,83114,강원도 부천시 원미구 학동길 352-46 (은지장동),주원구이연립,010-0527-9353,yejingim@example.org
김도현,40133,강원도 수원시 영통구 학동93거리 472,재호한윤빌라 W동 199호,055-076-2453,jeongsig12@example.org
이영호,12338,강원도 안양시 동안구 서초대로 840-98,수진황타운 071호,053-649-3853,doyungang@example.com
정옥자,07432,전라북도 보령시 삼성42가 지하446 (성진이마을),채원김이마을 E동 367호,062-176-8246,yi@example.net
우준영,84319,강원도 성남시 강남대로 690-43,영철김성타워 M동 084호,042-527-1738,seongho13@example.net
송지영,30265,경기도 청주시 상당구 잠실가 818 (예준박이동),순옥이구빌라,02-3456-2026,ijihu@example.org
임상훈,64230,세종특별자치시 영등포구 학동로 891,정호장타운 R동 074호,041-654-2245,junyeong74@example.net
김민지,64511,충청남도 춘천시 강남대494로 598-65 (영식최읍),은서정타운 184호,019-640-0292,jeongsun62@example.com
안예원,64316,대전광역시 서구 석촌호수237로 580 (순옥하동),정호이이마을 V동 018호,061-007-1023,gimyeongil@example.com
강지영,02246,제주특별자치도 천안시 동남구 개포4길 402 (정웅윤박마을),순옥최연립,044-348-9726,qi@example.net
김영진,92205,전라북도 정선군 개포16가 108-84 (지영김김면),정훈남빌라 마동 505호,043-729-7286,ehong@example.net
김민서,65203,인천광역시 송파구 반포대로 158,아름배빌라,010-7135-4534,seonghogwag@example.org
이현준,11073,제주특별자치도 충주시 반포대거리 713-67,재호전타워,042-247-8589,yujingim@example.org
김도현,48918,인천광역시 금천구 백제고분61가 234 (영진최리),정훈권타운,02-2974-6532,junhogim@example.net
김성수,97273,울산광역시 노원구 역삼5거리 255-48,지현권마을 N동 598호,062-576-5305,minjii@example.org
이상철,23123,울산광역시 중랑구 서초중앙0가 859,도윤류연립,019-701-1020,dgim@example.com
민지훈,24148,충청북도 이천시 오금70로 164-39,도윤박이아파트 170호,02-0647-1942,gimgyeongsu@example.com
곽선영,33082,대전광역시 강동구 오금길 886-93,민석안김연립 036호,043-755-4967,gna@example.org
송경자,61401,부산광역시 광진구 오금185가 806-92,지우황타운 다동 264호,061-523-1657,sugja79@example.net
박상철,40419,경상남도 예산군 오금가 지하817 (예은김면),은경김강아파트,019-988-0434,ygim@example.org
윤영미,62738,대전광역시 강동구 반포대거리 345,수민손한타워 Z동 304호,011-544-9660,areumgim@example.com
손재현,23041,전라북도 단양군 언주거리 826-74 (경수한리),은경안이타운 S동 436호,011-823-3569,siubag@example.org
최현정,54709,전라남도 태안군 서초대115가 787 (채원양박동),채원박마을 619호,042-299-1440,mgwag@example.com
박서연,82677,충청북도 부천시 원미구 봉은사길 237 (우진이장리),춘자임타워 N동 659호,053-887-9975,yeongsig13@example.org
황미영,42903,강원도 양주시 언주길 553,민수이권타운,031-584-6771,gimhaeun@example.net
이서준,91586,전라남도 안양시 동안구 서초중앙가 953 (지아한리),영숙권김마을 C동 906호,033-639-5531,seonghunbag@example.com
홍준영,25300,대구광역시 중구 잠실0로 734 (준영조김마을),병철오박아파트 011호,043-236-5008,yeongceol76@example.com
김지은,40988,전라북도 오산시 강남대01가 321,영식장박타워 나동 639호,017-216-9653,coejihu@example.com
김수진,97827,부산광역시 노원구 오금437가 550,성호고마을 243호,051-672-3586,yangseonghyeon@example.org
김옥순,26931,전라북도 옥천군 양재천거리 623-57,영진임윤마을,053-356-0393,yeeun53@example.net
김순옥,78117,부산광역시 서대문구 테헤란길 198-33,은정노빌라,061-663-1885,gwangsugim@example.com
박서윤,39262,서울특별시 남구 오금길 461-49 (정식류엄읍),현숙김강마을,053-410-1873,ogsun42@example.com
주종수,02501,대전광역시 성동구 반포대거리 406-9,은영송강마을 856호,053-855-4243,sunja49@example.com
김순자,79376,대구광역시 송파구 봉은사로 803-30 (승현김리),선영이김타운,042-089-5619,gyeongsui@example.net
김수민,72063,부산광역시 금천구 가락로 354,혜진홍타운,010-0104-2831,dgim@example.org
박지은,74057,전라남도 괴산군 역삼2로 328,명자배윤연립 W동 736호,044-642-9349,doyun37@example.com
윤미경,56941,부산광역시 송파구 개포로 542,영자김최빌라 P동 444호,010-6753-0786,jiai@example.com
이명숙,92363,충청북도 김포시 잠실62길 379-87 (정남홍홍리),진호이타운 153호,017-896-2643,gyeongsu48@example.com
김병철,88010,충청북도 계룡시 선릉가 719,민재임김마을 D동 680호,032-759-6996,sugja86@example.net
신승현,69433,대전광역시 강서구 역삼가 355 (정숙박마을),준호장타워 Q동 913호,019-472-4736,jhwang@example.net
김영진,37884,전라남도 영동군 오금338가 지하817,지은김김연립 951호,018-147-6191,hanseoyeong@example.com
서은주,52642,충청남도 예산군 압구정2거리 지하647 (지훈김이마을),영자손타운,033-096-3277,igyeongsu@example.net
하현우,81730,경상북도 원주시 언주3길 585 (숙자박박마을),예준안장타운,033-281-2793,areummun@example.net
최수빈,54367,충청남도 구리시 석촌호수길 지하614,성진박양타운,051-998-3497,cgim@example.net
곽서윤,43521,충청남도 논산시 영동대길 621-29,지은이연립 바동 466호,044-618-3844,ji@example.com
박지우,60285,전라북도 제천시 강남대로 169 (영희이리),경숙배타워 M동 827호,041-470-9139,imyeongja@example.net
이예지,50687,전라북도 정선군 잠실길 893 (현지신리),보람이타운 405호,016-124-9381,iseongmin@example.net
김성진,59839,세종특별자치시 강남구 백제고분가 722,옥순이김타운 Z동 928호,018-728-1536,yeonggili@example.com
정성호,53071,제주특별자치도 보은군 선릉로 663 (영호이마을),은경강박마을 T동 112호,052-020-0379,ii@example.org
박옥순,48275,전라북도 영월군 강남대로 682 (서현손면),현숙박마을 685호,055-240-4194,jeongja01@example.org
최옥자,35408,충청남도 증평군 삼성275가 937-88 (영일손읍),정식박아파트 다동 472호,043-382-1350,gimsiu@example.org
박준혁,10556,충청남도 계룡시 삼성40로 지하636,선영이빌라 T동 134호,053-061-2182,jihuyun@example.com
김승현,58333,제주특별자치도 동두천시 잠실0로 159-53 (민준송동),준혁김마을,054-300-8947,wgim@example.com
이지은,79914,인천광역시 동작구 삼성68가 894 (정숙박최면),미영유장빌라 W동 220호,032-899-0006,yeongja02@example.org
박정남,94814,세종특별자치시 남구 테헤란길 지하364 (준서박최읍),지영권빌라,070-9808-3113,myeongsugcoe@example.com
황은서,99491,전라남도 용인시 처인구 도산대82가 948,수진김김아파트,010-9137-4798,bhong@example.org
김상호,55438,인천광역시 마포구 양재천거리 950-40,영숙류타워 296동 492호,011-564-0576,migyeonggim@example.org
심시우,95457,경상북도 옥천군 백제고분가 606 (서연이최마을),도현이빌라 335호,053-818-1069,do@example.net
김재호,37573,울산광역시 종로구 오금거리 909,명자이박타워 D동 088호,042-993-7505,seongsuryu@example.com
전정웅,30084,인천광역시 동대문구 오금180거리 287-94,병철장아파트,010-2480-9303,ogsungim@example.net
김정호,53245,광주광역시 양천구 도산대길 870-36,준호심타워,070-3062-9370,minseohong@example.net
장민지,16792,대구광역시 서초구 양재천가 376-32 (영수안리),정웅김이마을 Z동 210호,018-157-9354,myeongjahong@example.org
최성호,56660,부산광역시 양천구 석촌호수214가 778-56 (우진송리),진우김이연립,052-236-0955,junho02@example.org
이지연,12508,충청남도 고양시 일산동구 선릉5로 461-65 (영식장읍),지은류강마을 F동 903호,062-864-9112,gweonseoyun@example.com
권은주,57294,충청북도 안산시 단원구 가락6로 527-53 (은정양동),숙자이전타운,064-725-9880,jgim@example.org
이경숙,82971,세종특별자치시 북구 압구정80가 680-56,지영이황타워 다동 226호,052-688-6089,xgu@example.net
최서윤,97215,부산광역시 동구 가락거리 357-32 (영진김동),지연윤이마을,042-665-4049,heoyeongja@example.com
정윤서,90079,부산광역시 동구 압구정4로 지하735,옥자심연립,052-021-3641,agim@example.org
강경희,19008,부산광역시 중랑구 도산대거리 164-42,은서강아파트,041-851-9523,gyeongsugi@example.org
김경희,48545,충청남도 서천군 논현가 789 (영희이김읍),종수박연립,054-485-9250,gimboram@example.com
이정자,87835,전라남도 평택시 서초대57길 390-21 (윤서배리),순옥이빌라 481호,017-488-4593,juweonjeong@example.net
황도현,32164,울산광역시 서구 봉은사777거리 114,하은박빌라 가동 278호,054-044-3961,bagminjun@example.com
김춘자,75033,제주특별자치도 평택시 삼성거리 839,하은문박빌라 D동 562호,041-634-8900,gimgyeonghyi@example.org
김민지,09339,대구광역시 성북구 서초대828로 288 (옥자김이면),상호이아파트 O동 657호,043-223-6168,yeongjingim@example.net
박민지,29491,광주광역시 서초구 개포1가 251 (영환김홍읍),정순박이빌라 94동 382호,031-814-6085,junseogwag@example.com
심민서,03842,충청남도 의정부시 도산대38가 487 (진우최동),미경김마을,010-5529-3498,lcoe@example.com
문영길,95380,전라북도 양주시 개포가 552-97,서윤구타운 454호,018-024-5292,namogsun@example.com
김경숙,88833,대전광역시 구로구 강남대2로 지하964,재호허류타운 811호,043-155-2091,doyun80@example.com
김재호,86497,부산광역시 양천구 역삼로 905-50,숙자이타워 409호,016-329-7456,gogwangsu@example.com
황정웅,46906,경상남도 구리시 테헤란0로 지하855 (은서김면),지후김타운,044-548-5753,seonghohan@example.com
손상호,40800,인천광역시 동대문구 영동대961거리 351,미영정빌라 R동 834호,016-657-7541,eungyeong85@example.com
김경숙,98381,경상북도 안산시 양재천99거리 733,은경권아파트 V동 259호,041-313-9533,cno@example.com
백미숙,09466,경상북도 청주시 상당구 역삼가 153 (종수백최마을),성수박연립 239호,061-526-5491,sumingim@example.org
장정수,46380,전라북도 광명시 테헤란00가 438-34 (서영황면),진우김고빌라 Q동 353호,042-604-7212,ubag@example.net
이중수,89191,서울특별시 관악구 가락532거리 319-50,정수한아파트 O동 882호,043-804-3436,gimminsu@example.org
우영환,85223,전라북도 예산군 테헤란441로 752-93 (성민손이마을),수민문타워 928호,011-576-8357,yeongho78@example.net
황현우,35084,서울특별시 구로구 압구정길 857,영희김타운 110호,044-802-2307,gimeunju@example.com
김성민,98196,광주광역시 서초구 영동대거리 510-1 (준영박김면),지민이양타워 139호,031-497-7278,ugwag@example.net
김승민,44708,경기도 용인시 서초중앙4가 826 (종수이마을),지연김타워 595호,032-613-1600,yujingim@example.org
김영자,56213,부산광역시 용산구 서초대20가 95-1,상훈오김타운 322호,061-960-0044,lgim@example.com
김예원,85091,전라남도 서천군 역삼길 지하557,우진박마을 050호,064-701-7719,wi@example.org
이은경,74047,대구광역시 강남구 삼성로 500 (도현황김마을),지원배아파트,033-500-2462,yeongmi32@example.net
오명숙,17812,세종특별자치시 종로구 백제고분33가 지하409,지원박강마을 X동 643호,019-198-8418,wgim@example.com
김유진,11176,충청북도 가평군 언주길 207,성수장빌라 493호,032-526-6829,baghyeonjun@example.org
김영환,08733,경상남도 고양시 덕양구 가락가 515 (성진송동),영식김이아파트 K동 090호,011-738-3496,seongmini@example.org
박영순,43789,세종특별자치시 관악구 석촌호수545길 174,정순하타워 E동 731호,070-9356-6912,yunjihyeon@example.com
김선영,18431,대전광역시 구로구 봉은사2로 691-77 (민재나안면),영희최이타워,011-636-7275,yeeun86@example.org
이상현,38803,전라남도 당진시 영동대1거리 754 (정식이마을),명자안마을 122호,032-979-8733,pgim@example.net
김지아,12691,전라북도 파주시 잠실거리 지하588,도현이타운 J동 369호,041-018-6532,sunjaca@example.org
백정자,93200,부산광역시 남구 언주거리 685-7,은정이황아파트,044-630-8392,hwangsujin@example.com
고재호,42213,충청북도 안양시 만안구 학동7로 367 (준서김이동),영진김김연립,031-577-8230,cgang@example.net
안지훈,90115,부산광역시 양천구 양재천8길 511 (성진김신읍),도윤우연립 U동 235호,061-698-5226,eungyeong29@example.org
서현준,17141,인천광역시 마포구 서초중앙91거리 26 (정자김동),현정서타워,016-996-0352,haeun54@example.com
송준혁,94918,경기도 부천시 원미구 논현거리 819 (아름최면),동현권곽타워 971호,044-478-6171,gimsangho@example.net
이주원,77079,경기도 군포시 백제고분거리 23 (하은김김읍),지혜조연립 417호,017-583-4301,areumgim@example.org
안은경,44407,경상남도 아산시 개포75길 137 (은영이강면),준혁이박연립,017-029-2994,hyeonju98@example.org
김미숙,45755,전라남도 여주시 삼성5길 280-18 (정호김리),지훈김이타운 W동 139호,062-056-4297,tsong@example.com
김지영,68605,광주광역시 남구 논현가 916-92 (현준윤박마을),광수노권마을 나동 545호,010-0506-5636,gimareum@example.com
우진우,02728,전라남도 청주시 흥덕구 영동대25가 939,혜진김오아파트 431호,051-017-0591,jiyeon24@example.net
성서현,01037,경상북도 평택시 강남대가 30 (상호강허리),지우김장타워 778호,011-908-5694,migyeonggim@example.net
임영자,02588,광주광역시 금천구 삼성89거리 212,채원성김마을 521호,011-456-9216,zjo@example.net
조미경,97051,충청북도 동두천시 역삼길 723-56 (지훈김리),미숙안김타운 065호,063-063-3586,cju@example.org
신준영,70319,경상북도 수원시 영통구 서초대로 999-37 (미경남황마을),영진정김연립 바동 027호,016-556-4087,baegjimin@example.com
김진호,18885,광주광역시 중구 석촌호수297가 455-18 (민석이김면),우진노김타워 821호,044-968-7150,hyeonjuo@example.org
남은영,60563,부산광역시 북구 언주가 249 (민지남읍),지혜김빌라 C동 114호,032-610-5287,jiyeongi@example.net
김옥순,03233,울산광역시 은평구 도산대53가 237-17,예지이빌라,051-304-5778,lju@example.com
이지혜,61667,전라북도 의왕시 백제고분83거리 292-39 (영철박황마을),정훈박김아파트 418호,017-069-0733,munminjun@example.net
서영자,59604,전라남도 수원시 선릉거리 850 (은경최김읍),성호이김빌라 P동 638호,044-503-4786,sna@example.com
이영철,00186,경상북도 고양시 오금거리 845-91 (성수김김읍),정웅한박빌라 729호,033-592-7511,jeoneunju@example.org
이현주,58203,인천광역시 성동구 역삼거리 334 (은정김김리),옥순황강마을 H동 249호,070-2979-3443,rgim@example.net
이지원,49446,충청북도 정선군 봉은사거리 634-46 (지훈양송면),영환이김타워 I동 863호,055-344-1927,bagsunja@example.net
송예은,60481,울산광역시 관악구 양재천893길 226,옥순고최연립 N동 645호,053-455-4594,yejungim@example.com
김예은,88238,전라남도 고성군 압구정로 302-35 (진우류마을),예준김김빌라 O동 601호,055-160-4695,anjeonghun@example.net
김영환,12920,광주광역시 강동구 삼성68가 779-20,지원김임아파트 828호,070-8636-4641,hyeonubae@example.net
한영자,48124,전라북도 태백시 역삼가 729 (정호김마을),서현김마을,064-731-0785,gimjungsu@example.net
황영식,54209,제주특별자치도 파주시 영동대8로 875-58,현지김마을 662호,044-042-5967,juweon89@example.org
이예준,29236,경기도 강릉시 서초대거리 879,지원김강마을,061-520-9986,ggim@example.org
김지혜,85781,서울특별시 도봉구 석촌호수207거리 608-62 (보람김김동),상훈송마을 700호,017-395-4635,yeongsuggim@example.net
김현준,65684,광주광역시 양천구 테헤란길 100-54,영환오서빌라,052-610-5010,ebag@example.org
정경수,88460,전라북도 안산시 단원구 언주길 지하859,영자박마을 195호,053-094-7615,sonogsun@example.org
고정웅,82761,광주광역시 노원구 서초대6가 90-76,정숙황전타운,010-0389-1683,hwangjimin@example.org
